theTime,x,y,z,q1,q2,q3,score,(0.0, 0.0, 0.0),(0.0, 0.0, 0.0)
0,0,0,0,0,0,0,0,(0.0, 0.0, 0.0),(0.0, 0.0, 0.0)
0.02,0,0,0,0,0,0,0,(0.0, 0.0, 0.0),(0.0, 0.0, 0.0)
0.04,0,0,0,0,0,0,0,(0.0, 0.0, 0.0),(0.0, 0.0, 0.0)
0.06,0,0,0,0,0,0,0,(0.0, 0.0, 0.0),(0.0, 0.0, 0.0)
0.08,0,0,0,0,0,0,0,(0.0, 0.0, 0.0),(0.0, 0.0, 0.0)
0.09999999,0,0,0,0,0,0,0,(0.0, 0.0, 0.0),(0.0, 0.0, 0.0)
0.12,0,0,0,0,0,0,0,(0.0, 0.0, 0.0),(0.0, 0.0, 0.0)
0.14,0,0,0,0,0,0,0,(0.0, 0.0, 0.0),(0.0, 0.0, 0.0)
0.16,0,0,0,0,0,0,0,(0.0, 0.0, 0.0),(0.0, 0.0, 0.0)
0.18,0,0,0,0,0,0,0,(0.0, 0.0, 0.0),(0.0, 0.0, 0.0)
0.2,0,0,0,0,0,0,0,(0.0, 0.0, 0.0),(0.0, 0.0, 0.0)
0.22,0,0,0,0,0,0,0,(0.0, 0.0, 0.0),(0.0, 0.0, 0.0)
0.24,0,0,0,0,0,0,0,(0.0, 0.0, 0.0),(0.0, 0.0, 0.0)
0.26,0,0,0,0,0,0,0,(0.0, 0.0, 0.0),(0.0, 0.0, 0.0)
0.28,0,0,0,0,0,0,0,(0.0, 0.0, 0.0),(0.0, 0.0, 0.0)
0.3,0,0,0,0,0,0,0,(0.0, 0.0, 0.0),(0.0, 0.0, 0.0)
0.32,0,0,0,0,0,0,0,(0.0, 0.0, 0.0),(0.0, 0.0, 0.0)
0.34,0,0,0,0,0,0,0,(0.0, 0.0, 0.0),(0.0, 0.0, 0.0)
0.36,0,0,0,0,0,0,0,(0.0, 0.0, 0.0),(0.0, 0.0, 0.0)
0.38,0,0,0,0,0,0,0,(0.0, 0.0, 0.0),(0.0, 0.0, 0.0)
0.4,0,0,0,0,0,0,0,(0.0, 0.0, 0.0),(0.0, 0.0, 0.0)
0.42,0,0,0,0,0,0,0,(0.0, 0.0, 0.0),(0.0, 0.0, 0.0)
0.44,0,0,0,0,0,0,0,(0.0, 0.0, 0.0),(0.0, 0.0, 0.0)
0.46,0,0,0,0,0,0,0,(0.0, 0.0, 0.0),(0.0, 0.0, 0.0)
0.48,0,0,0,0,0,0,0,(0.0, 0.0, 0.0),(0.0, 0.0, 0.0)
0.5,0,0,0,0,0,0,0,(0.0, 0.0, 0.0),(0.0, 0.0, 0.0)
0.52,0,0,0,0,0,0,0,(0.0, 0.0, 0.0),(0.0, 0.0, 0.0)
0.54,0,0,0,0,0,0,0,(0.0, 0.0, 0.0),(0.0, 0.0, 0.0)
0.56,0,0,0,0,0,0,0,(0.0, 0.0, 0.0),(0.0, 0.0, 0.0)
0.58,0,0,0,0,0,0,0,(0.0, 0.0, 0.0),(0.0, 0.0, 0.0)
0.6,0,0,0,0,0,0,0,(0.0, 0.0, 0.0),(0.0, 0.0, 0.0)
0.62,0,0,0,0,0,0,0,(0.0, 0.0, 0.0),(0.0, 0.0, 0.0)
0.64,0,0,0,0,0,0,0,(0.0, 0.0, 0.0),(0.0, 0.0, 0.0)
0.66,0,0,0,0,0,0,0,(0.0, 0.0, 0.0),(0.0, 0.0, 0.0)
0.68,0,0,0,0,0,0,0,(0.0, 0.0, 0.0),(0.0, 0.0, 0.0)
0.7,0,0,0,0,0,0,0,(0.0, 0.0, 0.0),(0.0, 0.0, 0.0)
0.72,0,0,0,0,0,0,0,(0.0, 0.0, 0.0),(0.0, 0.0, 0.0)
0.74,0,0,0,0,0,0,0,(0.0, 0.0, 0.0),(0.0, 0.0, 0.0)
0.76,0,0,0,0,0,0,0,(0.0, 0.0, 0.0),(0.0, 0.0, 0.0)
0.78,0,0,0,0,0,0,0,(0.0, 0.0, 0.0),(0.0, 0.0, 0.0)
0.8,0,0,0,0,0,0,0,(0.0, 0.0, 0.0),(0.0, 0.0, 0.0)
0.82,0,0,0,0,0,0,0,(0.0, 0.0, 0.0),(0.0, 0.0, 0.0)
0.84,0,0,0,0,0,0,0,(0.0, 0.0, 0.0),(0.0, 0.0, 0.0)
0.86,0,0,0,0,0,0,0,(0.0, 0.0, 0.0),(0.0, 0.0, 0.0)
0.88,0,0,0,0,0,0,0,(0.0, 0.0, 0.0),(0.0, 0.0, 0.0)
0.9,0,0,0,0,0,0,0,(0.0, 0.0, 0.0),(0.0, 0.0, 0.0)
0.92,0,0,0,0,0,0,0,(0.0, 0.0, 0.0),(0.0, 0.0, 0.0)
0.94,0,0,0,0,0,0,0,(0.0, 0.0, 0.0),(0.0, 0.0, 0.0)
0.96,0,0,0,0,0,0,0,(0.0, 0.0, 0.0),(0.0, 0.0, 0.0)
0.98,0,0,0,0,0,0,0,(0.0, 0.0, 0.0),(0.0, 0.0, 0.0)
1,0,0,0,0,0,0,0,(0.0, 0.0, 0.0),(0.0, 0.0, 0.0)
1.02,0,0,0,0,0,0,0,(0.0, 0.0, 0.0),(0.0, 0.0, 0.0)
1.04,0,0,0,0,0,0,0,(0.0, 0.0, 0.0),(0.0, 0.0, 0.0)
1.06,0,0,0,0,0,0,0,(0.0, 0.0, 0.0),(0.0, 0.0, 0.0)
1.08,0,0,0,0,0,0,0,(0.0, 0.0, 0.0),(0.0, 0.0, 0.0)
1.1,0,0,0,0,0,0,0,(0.0, 0.0, 0.0),(0.0, 0.0, 0.0)
1.12,0,0,0,0,0,0,0,(0.0, 0.0, 0.0),(0.0, 0.0, 0.0)
1.14,0,0,0,0,0,0,0,(0.0, 0.0, 0.0),(0.0, 0.0, 0.0)
1.16,0,0,0,0,0,0,0,(0.0, 0.0, 0.0),(0.0, 0.0, 0.0)
1.18,0,0,0,0,0,0,0,(0.0, 0.0, 0.0),(0.0, 0.0, 0.0)
1.2,0,0,0,0,0,0,0,(0.0, 0.0, 0.0),(0.0, 0.0, 0.0)
1.22,0,0,0,0,0,0,0,(0.0, 0.0, 0.0),(0.0, 0.0, 0.0)
1.24,0,0,0,0,0,0,0,(0.0, 0.0, 0.0),(0.0, 0.0, 0.0)
1.26,0,0,0,0,0,0,0,(0.0, 0.0, 0.0),(0.0, 0.0, 0.0)
1.28,0,0,0,0,0,0,0,(0.0, 0.0, 0.0),(0.0, 0.0, 0.0)
1.3,0,0,0,0,0,0,0,(0.0, 0.0, 0.0),(0.0, 0.0, 0.0)
1.32,0,0,0,0,0,0,0,(0.0, 0.0, 0.0),(0.0, 0.0, 0.0)
1.34,0,0,0,0,0,0,0,(0.0, 0.0, 0.0),(0.0, 0.0, 0.0)
1.36,0,0,0,0,0,0,0,(0.0, 0.0, 0.0),(0.0, 0.0, 0.0)
1.38,0,0,0,0,0,0,0,(0.0, 0.0, 0.0),(0.0, 0.0, 0.0)
1.4,0,0,0,0,0,0,0,(0.0, 0.0, 0.0),(0.0, 0.0, 0.0)
1.42,0,0,0,0,0,0,0,(0.0, 0.0, 0.0),(0.0, 0.0, 0.0)
1.44,0,0,0,0,0,0,0,(0.0, 0.0, 0.0),(0.0, 0.0, 0.0)
1.46,0,0,0,0,0,0,0,(0.0, 0.0, 0.0),(0.0, 0.0, 0.0)
1.48,0,0,0,0,0,0,0,(0.0, 0.0, 0.0),(0.0, 0.0, 0.0)
1.5,0,0,0,0,0,0,0,(0.0, 0.0, 0.0),(0.0, 0.0, 0.0)
1.52,0,0,0,0,0,0,0,(0.0, 0.0, 0.0),(0.0, 0.0, 0.0)
1.54,50,0,60,0,0,0,0,(0.0, 0.0, 0.0),(0.0, 0.0, 0.0)
1.56,14.59455,0,60,0,0,0,0,(0.0, 0.0, 0.0),(0.0, 0.0, 0.0)
1.58,5.306053,0,60,0,0,0,0,(0.0, 0.0, 0.0),(0.0, 0.0, 0.0)
1.6,0.6779709,0,60,0,0,0,0,(0.0, 0.0, 0.0),(0.0, 0.0, 0.0)
1.62,-5.59996,0,60,0,0,0,0,(0.0, 0.0, 0.0),(0.0, 0.0, 0.0)
1.64,-7.951797,0,60,0,0,0,0,(0.0, 0.0, 0.0),(0.0, 0.0, 0.0)
1.66,-13.18684,0,60,0,0,0,0,(0.0, 0.0, 0.0),(0.0, 0.0, 0.0)
1.68,-14.72531,0,60,0,0,0,0,(0.0, 0.0, 0.0),(0.0, 0.0, 0.0)
1.7,-17.80224,0,60,0,0,0,0,(0.0, 0.0, 0.0),(0.0, 0.0, 0.0)
1.72,-20.43961,0,60,0,0,0,0,(0.0, 0.0, 0.0),(0.0, 0.0, 0.0)
1.74,-22.52617,0,55.61455,0,0,0,0,(0.0, 0.0, 0.0),(0.0, 0.0, 0.0)
1.76,-22.47411,0,53.25768,0,0,0,0,(0.0, 0.0, 0.0),(0.0, 0.0, 0.0)
1.78,-23.56427,0,48.82387,0,0,0,0,(0.0, 0.0, 0.0),(0.0, 0.0, 0.0)
1.8,-23.9603,0,48.82386,0,0,0,0,(0.0, 0.0, 0.0),(0.0, 0.0, 0.0)
1.82,-23.42853,0,44.72794,0,0,0,0,(0.0, 0.0, 0.0),(0.0, 0.0, 0.0)
1.84,-23.36447,0,42.79481,0,0,0,0,(0.0, 0.0, 0.0),(0.0, 0.0, 0.0)
1.86,-23.36447,0,42.79481,0,0,0,0,(0.0, 0.0, 0.0),(0.0, 0.0, 0.0)
1.88,-21.91309,0,35.73458,0,0,0,0,(0.0, 0.0, 0.0),(0.0, 0.0, 0.0)
1.9,-21.70927,0,34.11955,0,0,0,0,(0.0, 0.0, 0.0),(0.0, 0.0, 0.0)
1.92,-20.15501,0,25.48557,0,0,0,0,(0.0, 0.0, 0.0),(0.0, 0.0, 0.0)
1.94,-19.69926,0,22.95382,0,0,0,0,(0.0, 0.0, 0.0),(0.0, 0.0, 0.0)
1.96,-18.09519,0,15.17706,0,0,0,0,(0.0, 0.0, 0.0),(0.0, 0.0, 0.0)
1.98,-17.61587,0,13.22012,0,0,0,0,(0.0, 0.0, 0.0),(0.0, 0.0, 0.0)
2,-15.65713,0,3.356804,0,0,0,0,(0.0, 0.0, 0.0),(0.0, 0.0, 0.0)
2.02,-14.65236,0,-0.6255913,0,0,0,0,(0.0, 0.0, 0.0),(0.0, 0.0, 0.0)
2.04,-14.01007,0,-3.573677,0,0,0,0,(0.0, 0.0, 0.0),(0.0, 0.0, 0.0)
2.06,-13.56092,0,-5.72485,0,0,0,0,(0.0, 0.0, 0.0),(0.0, 0.0, 0.0)
2.08,-12.81104,0,-8.654217,0,0,0,0,(0.0, 0.0, 0.0),(0.0, 0.0, 0.0)
2.1,-12.81104,0,-8.654217,0,0,0,0,(0.0, 0.0, 0.0),(0.0, 0.0, 0.0)
2.12,-12.13975,0,-11.27659,0,0,0,0,(0.0, 0.0, 0.0),(0.0, 0.0, 0.0)
2.14,-12.13975,0,-11.27659,0,0,0,0,(0.0, 0.0, 0.0),(0.0, 0.0, 0.0)
2.16,-12.13975,0,-11.27659,0,0,0,0,(0.0, 0.0, 0.0),(0.0, 0.0, 0.0)
2.18,-11.67384,0,-12.09069,0,0,0,0,(0.0, 0.0, 0.0),(0.0, 0.0, 0.0)
2.2,-11.67384,0,-12.09069,0,0,0,0,(0.0, 0.0, 0.0),(0.0, 0.0, 0.0)
2.22,-11.48933,0,-12.48755,0,0,0,0,(0.0, 0.0, 0.0),(0.0, 0.0, 0.0)
2.24,-11.40423,0,-12.48756,0,0,0,0,(0.0, 0.0, 0.0),(0.0, 0.0, 0.0)
2.26,-11.40423,0,-12.48756,0,0,0,0,(0.0, 0.0, 0.0),(0.0, 0.0, 0.0)
2.28,-11.33049,0,-12.09069,0,0,0,0,(0.0, 0.0, 0.0),(0.0, 0.0, 0.0)
2.3,-11.42853,0,-11.68737,0,0,0,0,(0.0, 0.0, 0.0),(0.0, 0.0, 0.0)
2.32,-11.54181,0,-10.85899,0,0,0,0,(0.0, 0.0, 0.0),(0.0, 0.0, 0.0)
2.34,-11.65913,0,-10.00091,0,0,0,0,(0.0, 0.0, 0.0),(0.0, 0.0, 0.0)
2.36,-12.15307,0,-6.738686,0,0,0,0,(0.0, 0.0, 0.0),(0.0, 0.0, 0.0)
2.38,-12.29263,0,-5.724854,0,0,0,0,(0.0, 0.0, 0.0),(0.0, 0.0, 0.0)
2.4,-12.43775,0,-4.670673,0,0,0,0,(0.0, 0.0, 0.0),(0.0, 0.0, 0.0)
2.42,-12.58876,0,-3.573677,0,0,0,0,(0.0, 0.0, 0.0),(0.0, 0.0, 0.0)
2.44,-12.58876,0,-3.573677,0,0,0,0,(0.0, 0.0, 0.0),(0.0, 0.0, 0.0)
2.46,-12.58876,0,-3.573677,0,0,0,0,(0.0, 0.0, 0.0),(0.0, 0.0, 0.0)
2.48,-12.58876,0,-3.573677,0,0,0,0,(0.0, 0.0, 0.0),(0.0, 0.0, 0.0)
2.5,-12.48723,0,-3.573673,0,0,0,0,(0.0, 0.0, 0.0),(0.0, 0.0, 0.0)
2.52,-12.74616,0,-2.430626,0,0,0,0,(0.0, 0.0, 0.0),(0.0, 0.0, 0.0)
2.54,-12.74616,0,-2.430626,0,0,0,0,(0.0, 0.0, 0.0),(0.0, 0.0, 0.0)
2.56,-12.87955,0,-1.841759,0,0,0,0,(0.0, 0.0, 0.0),(0.0, 0.0, 0.0)
2.58,-12.80426,0,-1.239792,0,0,0,0,(0.0, 0.0, 0.0),(0.0, 0.0, 0.0)
2.6,-12.94113,0,-0.6255913,0,0,0,0,(0.0, 0.0, 0.0),(0.0, 0.0, 0.0)
2.62,-12.94113,0,-0.6255913,0,0,0,0,(0.0, 0.0, 0.0),(0.0, 0.0, 0.0)
2.64,-12.94113,0,-0.6255913,0,0,0,0,(0.0, 0.0, 0.0),(0.0, 0.0, 0.0)
2.66,-13.0811,0,0.002529144,0,0,0,0,(0.0, 0.0, 0.0),(0.0, 0.0, 0.0)
2.68,-13.0811,0,0.002529144,0,0,0,0,(0.0, 0.0, 0.0),(0.0, 0.0, 0.0)
2.7,-13.11477,0,0.6440773,0,0,0,0,(0.0, 0.0, 0.0),(0.0, 0.0, 0.0)
2.72,-13.14918,0,1.299778,0,0,0,0,(0.0, 0.0, 0.0),(0.0, 0.0, 0.0)
2.74,-13.14918,0,1.299778,0,0,0,0,(0.0, 0.0, 0.0),(0.0, 0.0, 0.0)
2.76,-13.29609,0,1.970131,0,0,0,0,(0.0, 0.0, 0.0),(0.0, 0.0, 0.0)
2.78,-13.33333,0,2.65564,0,0,0,0,(0.0, 0.0, 0.0),(0.0, 0.0, 0.0)
2.8,-13.4857,0,3.3568,0,0,0,0,(0.0, 0.0, 0.0),(0.0, 0.0, 0.0)
2.82,-13.37142,0,3.356804,0,0,0,0,(0.0, 0.0, 0.0),(0.0, 0.0, 0.0)
2.84,-13.37142,0,3.356804,0,0,0,0,(0.0, 0.0, 0.0),(0.0, 0.0, 0.0)
2.86,-13.37142,0,3.356804,0,0,0,0,(0.0, 0.0, 0.0),(0.0, 0.0, 0.0)
2.88,-13.526,9.536743E-07,4.074219,0,0,0,0,(0.0, 0.0, 0.0),(0.0, 0.0, 0.0)
2.9,-13.526,9.536743E-07,4.074219,0,0,0,0,(0.0, 0.0, 0.0),(0.0, 0.0, 0.0)
2.92,-13.41039,9.536743E-07,4.074215,0,0,0,0,(0.0, 0.0, 0.0),(0.0, 0.0, 0.0)
2.94,-13.56723,0,4.808376,0,0,0,0,(0.0, 0.0, 0.0),(0.0, 0.0, 0.0)
2.96,-13.56723,0,4.808376,0,0,0,0,(0.0, 0.0, 0.0),(0.0, 0.0, 0.0)
2.98,-13.72778,0,5.559921,0,0,0,0,(0.0, 0.0, 0.0),(0.0, 0.0, 0.0)
3,-13.72778,0,5.559921,0,0,0,0,(0.0, 0.0, 0.0),(0.0, 0.0, 0.0)
3.02,-13.72778,0,5.559921,0,0,0,0,(0.0, 0.0, 0.0),(0.0, 0.0, 0.0)
3.04,-13.72778,0,5.559921,0,0,0,0,(0.0, 0.0, 0.0),(0.0, 0.0, 0.0)
3.06,-13.72778,0,5.559921,0,0,0,0,(0.0, 0.0, 0.0),(0.0, 0.0, 0.0)
3.08,-13.72778,0,5.559921,0,0,0,0,(0.0, 0.0, 0.0),(0.0, 0.0, 0.0)
3.1,-13.72778,0,5.559921,0,0,0,0,(0.0, 0.0, 0.0),(0.0, 0.0, 0.0)
3.12,-13.72778,0,5.559921,0,0,0,0,(0.0, 0.0, 0.0),(0.0, 0.0, 0.0)
3.14,-13.60944,0,5.559917,0,0,0,0,(0.0, 0.0, 0.0),(0.0, 0.0, 0.0)
3.16,-13.60944,0,5.559917,0,0,0,0,(0.0, 0.0, 0.0),(0.0, 0.0, 0.0)
3.18,-13.60944,0,5.559917,0,0,0,0,(0.0, 0.0, 0.0),(0.0, 0.0, 0.0)
3.2,-13.60944,0,5.559917,0,0,0,0,(0.0, 0.0, 0.0),(0.0, 0.0, 0.0)
3.22,-13.60944,0,5.559917,0,0,0,0,(0.0, 0.0, 0.0),(0.0, 0.0, 0.0)
3.24,-13.60944,0,5.559917,0,0,0,0,(0.0, 0.0, 0.0),(0.0, 0.0, 0.0)
3.26,-13.60944,0,5.559917,0,0,0,0,(0.0, 0.0, 0.0),(0.0, 0.0, 0.0)
3.28,-13.60944,0,5.559917,0,0,0,0,(0.0, 0.0, 0.0),(0.0, 0.0, 0.0)
3.3,-13.60944,0,5.559917,0,0,0,0,(0.0, 0.0, 0.0),(0.0, 0.0, 0.0)
3.32,-13.33331,9.536743E-07,4.808376,0,0,0,0,(0.0, 0.0, 0.0),(0.0, 0.0, 0.0)
3.34,-13.33331,9.536743E-07,4.808376,0,0,0,0,(0.0, 0.0, 0.0),(0.0, 0.0, 0.0)
3.36,-13.17917,0,4.074215,0,0,0,0,(0.0, 0.0, 0.0),(0.0, 0.0, 0.0)
3.38,-13.06357,0,4.074215,0,0,0,0,(0.0, 0.0, 0.0),(0.0, 0.0, 0.0)
3.4,-12.79999,0,3.356804,0,0,0,0,(0.0, 0.0, 0.0),(0.0, 0.0, 0.0)
3.42,-12.79999,0,3.356804,0,0,0,0,(0.0, 0.0, 0.0),(0.0, 0.0, 0.0)
3.44,-12.79999,0,3.356804,0,0,0,0,(0.0, 0.0, 0.0),(0.0, 0.0, 0.0)
3.46,-12.79999,0,3.356804,0,0,0,0,(0.0, 0.0, 0.0),(0.0, 0.0, 0.0)
3.48,-12.65536,0,2.655636,0,0,0,0,(0.0, 0.0, 0.0),(0.0, 0.0, 0.0)
3.5,-12.65536,0,2.655636,0,0,0,0,(0.0, 0.0, 0.0),(0.0, 0.0, 0.0)
3.52,-12.65536,0,2.655636,0,0,0,0,(0.0, 0.0, 0.0),(0.0, 0.0, 0.0)
3.54,-12.65536,0,2.655636,0,0,0,0,(0.0, 0.0, 0.0),(0.0, 0.0, 0.0)
3.56,-12.65536,0,2.655636,0,0,0,0,(0.0, 0.0, 0.0),(0.0, 0.0, 0.0)
3.58,-12.65536,0,2.655636,0,0,0,0,(0.0, 0.0, 0.0),(0.0, 0.0, 0.0)
3.6,-12.65536,0,2.655636,0,0,0,0,(0.0, 0.0, 0.0),(0.0, 0.0, 0.0)
3.62,-12.65536,0,2.655636,0,0,0,0,(0.0, 0.0, 0.0),(0.0, 0.0, 0.0)
3.64,-12.65536,0,2.655636,0,0,0,0,(0.0, 0.0, 0.0),(0.0, 0.0, 0.0)
3.66,-12.65536,0,2.655636,0,0,0,0,(0.0, 0.0, 0.0),(0.0, 0.0, 0.0)
3.68,-12.65536,0,2.655636,0,0,0,0,(0.0, 0.0, 0.0),(0.0, 0.0, 0.0)
3.7,-12.65536,0,2.655636,0,0,0,0,(0.0, 0.0, 0.0),(0.0, 0.0, 0.0)
3.72,-12.65536,0,2.655636,0,0,0,0,(0.0, 0.0, 0.0),(0.0, 0.0, 0.0)
3.74,-12.65536,0,2.655636,0,0,0,0,(0.0, 0.0, 0.0),(0.0, 0.0, 0.0)
3.76,-12.65536,0,2.655636,0,0,0,0,(0.0, 0.0, 0.0),(0.0, 0.0, 0.0)
3.78,-12.65536,0,2.655636,0,0,0,0,(0.0, 0.0, 0.0),(0.0, 0.0, 0.0)
3.8,-12.65536,0,2.655636,0,0,0,0,(0.0, 0.0, 0.0),(0.0, 0.0, 0.0)
3.82,-12.65536,0,2.655636,0,0,0,0,(0.0, 0.0, 0.0),(0.0, 0.0, 0.0)
3.84,-12.65536,0,2.655636,0,0,0,0,(0.0, 0.0, 0.0),(0.0, 0.0, 0.0)
3.86,-12.65536,0,2.655636,0,0,0,0,(0.0, 0.0, 0.0),(0.0, 0.0, 0.0)
3.88,-12.65536,0,2.655636,0,0,0,0,(0.0, 0.0, 0.0),(0.0, 0.0, 0.0)
3.9,-12.65536,0,2.655636,0,0,0,0,(0.0, 0.0, 0.0),(0.0, 0.0, 0.0)
3.92,-12.65536,0,2.655636,0,0,0,0,(0.0, 0.0, 0.0),(0.0, 0.0, 0.0)
3.94,-12.65536,0,2.655636,0,0,0,0,(0.0, 0.0, 0.0),(0.0, 0.0, 0.0)
3.96,-12.65536,0,2.655636,0,0,0,0,(0.0, 0.0, 0.0),(0.0, 0.0, 0.0)
3.98,-12.65536,0,2.655636,0,0,0,0,(0.0, 0.0, 0.0),(0.0, 0.0, 0.0)
4,-12.65536,0,2.655636,0,0,0,0,(0.0, 0.0, 0.0),(0.0, 0.0, 0.0)
4.02,-12.65536,0,2.655636,0,0,0,0,(0.0, 0.0, 0.0),(0.0, 0.0, 0.0)
4.04,-12.65536,0,2.655636,0,0,0,0,(0.0, 0.0, 0.0),(0.0, 0.0, 0.0)
4.06,-12.65536,0,2.655636,0,0,0,0,(0.0, 0.0, 0.0),(0.0, 0.0, 0.0)
4.08,-12.65536,0,2.655636,0,0,0,0,(0.0, 0.0, 0.0),(0.0, 0.0, 0.0)
4.1,-12.65536,0,2.655636,0,0,0,0,(0.0, 0.0, 0.0),(0.0, 0.0, 0.0)
4.12,-12.65536,0,2.655636,0,0,0,0,(0.0, 0.0, 0.0),(0.0, 0.0, 0.0)
4.14,-12.65536,0,2.655636,0,0,0,0,(0.0, 0.0, 0.0),(0.0, 0.0, 0.0)
4.16,-12.65536,0,2.655636,0,0,0,0,(0.0, 0.0, 0.0),(0.0, 0.0, 0.0)
4.18,-12.65536,0,2.655636,0,0,0,0,(0.0, 0.0, 0.0),(0.0, 0.0, 0.0)
4.2,-12.65536,0,2.655636,0,0,0,0,(0.0, 0.0, 0.0),(0.0, 0.0, 0.0)
4.22,-12.65536,0,2.655636,0,0,0,0,(0.0, 0.0, 0.0),(0.0, 0.0, 0.0)
4.24,-12.65536,0,2.655636,0,0,0,0,(0.0, 0.0, 0.0),(0.0, 0.0, 0.0)
4.26,-12.65536,0,2.655636,0,0,0,0,(0.0, 0.0, 0.0),(0.0, 0.0, 0.0)
4.28,-12.65536,0,2.655636,0,0,0,0,(0.0, 0.0, 0.0),(0.0, 0.0, 0.0)
4.3,-12.65536,0,2.655636,0,0,0,0,(0.0, 0.0, 0.0),(0.0, 0.0, 0.0)
4.32,-12.65536,0,2.655636,0,0,0,0,(0.0, 0.0, 0.0),(0.0, 0.0, 0.0)
4.34,-12.65536,0,2.655636,0,0,0,0,(0.0, 0.0, 0.0),(0.0, 0.0, 0.0)
4.36,-12.65536,0,2.655636,0,0,0,0,(0.0, 0.0, 0.0),(0.0, 0.0, 0.0)
4.38,-12.65536,0,2.655636,0,0,0,0,(0.0, 0.0, 0.0),(0.0, 0.0, 0.0)
4.4,-12.65536,0,2.655636,0,0,0,0,(0.0, 0.0, 0.0),(0.0, 0.0, 0.0)
4.42,-12.65536,0,2.655636,0,0,0,0,(0.0, 0.0, 0.0),(0.0, 0.0, 0.0)
4.44,-12.65536,0,2.655636,0,0,0,0,(0.0, 0.0, 0.0),(0.0, 0.0, 0.0)
4.46,-12.54237,0,2.65564,0,0,0,0,(0.0, 0.0, 0.0),(0.0, 0.0, 0.0)
4.48,-11.9774,0,2.655636,0,0,0,0,(0.0, 0.0, 0.0),(0.0, 0.0, 0.0)
4.5,-11.8644,0,2.655636,0,0,0,0,(0.0, 0.0, 0.0),(0.0, 0.0, 0.0)
4.52,-11.75141,0,2.655632,0,0,0,0,(0.0, 0.0, 0.0),(0.0, 0.0, 0.0)
4.54,-11.29943,0,2.655636,0,0,0,0,(0.0, 0.0, 0.0),(0.0, 0.0, 0.0)
4.56,-11.07344,0,2.65564,0,0,0,0,(0.0, 0.0, 0.0),(0.0, 0.0, 0.0)
4.58,-10.73446,0,2.655643,0,0,0,0,(0.0, 0.0, 0.0),(0.0, 0.0, 0.0)
4.6,-10.16949,0,2.655636,0,0,0,0,(0.0, 0.0, 0.0),(0.0, 0.0, 0.0)
4.62,-10.05649,0,2.655632,0,0,0,0,(0.0, 0.0, 0.0),(0.0, 0.0, 0.0)
4.64,-9.830504,0,2.655636,0,0,0,0,(0.0, 0.0, 0.0),(0.0, 0.0, 0.0)
4.66,-9.717511,0,2.655636,0,0,0,0,(0.0, 0.0, 0.0),(0.0, 0.0, 0.0)
4.68,-9.49152,0,2.655632,0,0,0,0,(0.0, 0.0, 0.0),(0.0, 0.0, 0.0)
4.7,-9.039545,0,2.65564,0,0,0,0,(0.0, 0.0, 0.0),(0.0, 0.0, 0.0)
4.72,-8.587567,0,2.65564,0,0,0,0,(0.0, 0.0, 0.0),(0.0, 0.0, 0.0)
4.74,-8.474571,0,2.655636,0,0,0,0,(0.0, 0.0, 0.0),(0.0, 0.0, 0.0)
4.76,-8.248585,0,2.655636,0,0,0,0,(0.0, 0.0, 0.0),(0.0, 0.0, 0.0)
4.78,-7.231636,0,2.65564,0,0,0,0,(0.0, 0.0, 0.0),(0.0, 0.0, 0.0)
4.8,-7.005648,0,2.655636,0,0,0,0,(0.0, 0.0, 0.0),(0.0, 0.0, 0.0)
4.82,-6.101692,0,2.655632,0,0,0,0,(0.0, 0.0, 0.0),(0.0, 0.0, 0.0)
4.84,-5.875704,0,2.655636,0,0,0,0,(0.0, 0.0, 0.0),(0.0, 0.0, 0.0)
4.86,-4.971748,0,2.65564,0,0,0,0,(0.0, 0.0, 0.0),(0.0, 0.0, 0.0)
4.88,-4.406777,0,2.65564,0,0,0,0,(0.0, 0.0, 0.0),(0.0, 0.0, 0.0)
4.9,-3.885711,0,3.356804,0,0,0,0,(0.0, 0.0, 0.0),(0.0, 0.0, 0.0)
4.92,-2.857141,0,3.3568,0,0,0,0,(0.0, 0.0, 0.0),(0.0, 0.0, 0.0)
4.94,-2.399997,0,3.3568,0,0,0,0,(0.0, 0.0, 0.0),(0.0, 0.0, 0.0)
4.96,-2.28571,0,3.3568,0,0,0,0,(0.0, 0.0, 0.0),(0.0, 0.0, 0.0)
4.98,-1.714284,0,3.356804,0,0,0,0,(0.0, 0.0, 0.0),(0.0, 0.0, 0.0)
5,-1.142857,0,3.356804,0,0,0,0,(0.0, 0.0, 0.0),(0.0, 0.0, 0.0)
5.02,-0.9142835,0,3.3568,0,0,0,0,(0.0, 0.0, 0.0),(0.0, 0.0, 0.0)
5.04,-0.9142835,0,3.3568,0,0,0,0,(0.0, 0.0, 0.0),(0.0, 0.0, 0.0)
5.06,-0.1142867,0,3.3568,0,0,0,0,(0.0, 0.0, 0.0),(0.0, 0.0, 0.0)
5.08,-0.1142867,0,3.3568,0,0,0,0,(0.0, 0.0, 0.0),(0.0, 0.0, 0.0)
5.1,0.5649704,0,2.655636,0,0,0,0,(0.0, 0.0, 0.0),(0.0, 0.0, 0.0)
5.12,0.5649704,0,2.655636,0,0,0,0,(0.0, 0.0, 0.0),(0.0, 0.0, 0.0)
5.14,1.016952,0,2.655636,0,0,0,0,(0.0, 0.0, 0.0),(0.0, 0.0, 0.0)
5.16,1.016952,0,2.655636,0,0,0,0,(0.0, 0.0, 0.0),(0.0, 0.0, 0.0)
5.18,1.229049,0,1.970135,0,0,0,0,(0.0, 0.0, 0.0),(0.0, 0.0, 0.0)
5.2,1.229049,0,1.970135,0,0,0,0,(0.0, 0.0, 0.0),(0.0, 0.0, 0.0)
5.22,1.436466,0,1.299778,0,0,0,0,(0.0, 0.0, 0.0),(0.0, 0.0, 0.0)
5.24,1.657463,0,1.299778,0,0,0,0,(0.0, 0.0, 0.0),(0.0, 0.0, 0.0)
5.26,1.657463,0,1.299778,0,0,0,0,(0.0, 0.0, 0.0),(0.0, 0.0, 0.0)
5.28,1.767955,0,1.299782,0,0,0,0,(0.0, 0.0, 0.0),(0.0, 0.0, 0.0)
5.3,1.857925,0,0.6440811,0,0,0,0,(0.0, 0.0, 0.0),(0.0, 0.0, 0.0)
5.32,1.857925,0,0.6440811,0,0,0,0,(0.0, 0.0, 0.0),(0.0, 0.0, 0.0)
5.34,1.857925,0,0.6440811,0,0,0,0,(0.0, 0.0, 0.0),(0.0, 0.0, 0.0)
5.36,1.857925,0,0.6440811,0,0,0,0,(0.0, 0.0, 0.0),(0.0, 0.0, 0.0)
5.38,1.857925,0,0.6440811,0,0,0,0,(0.0, 0.0, 0.0),(0.0, 0.0, 0.0)
5.4,1.857925,0,0.6440811,0,0,5.000001,0,(0.0, 0.0, 0.0),(0.0, 0.0, 0.0)
5.42,1.857925,0,0.6440811,0,0,10,0,(0.0, 0.0, 0.0),(0.0, 0.0, 0.0)
5.44,1.857925,0,0.6440811,0,0,15.00001,0,(0.0, 0.0, 0.0),(0.0, 0.0, 0.0)
5.46,1.857925,0,0.6440811,0,0,25.00001,0,(0.0, 0.0, 0.0),(0.0, 0.0, 0.0)
5.48,1.857925,0,0.6440811,0,0,30.00001,0,(0.0, 0.0, 0.0),(0.0, 0.0, 0.0)
5.5,1.857925,0,0.6440811,0,0,30.00001,0,(0.0, 0.0, 0.0),(0.0, 0.0, 0.0)
5.52,1.857925,0,0.6440811,0,0,30.00001,0,(0.0, 0.0, 0.0),(0.0, 0.0, 0.0)
5.54,1.857925,0,0.6440811,0,0,35.00002,0,(0.0, 0.0, 0.0),(0.0, 0.0, 0.0)
5.56,1.857925,0,0.6440811,0,0,35.00002,0,(0.0, 0.0, 0.0),(0.0, 0.0, 0.0)
5.58,1.857925,0,0.6440811,0,0,35.00002,0,(0.0, 0.0, 0.0),(0.0, 0.0, 0.0)
5.6,1.857925,0,0.6440811,0,0,35.00002,0,(0.0, 0.0, 0.0),(0.0, 0.0, 0.0)
5.62,1.857925,0,0.6440811,0,0,35.00002,0,(0.0, 0.0, 0.0),(0.0, 0.0, 0.0)
5.64,1.857925,0,0.6440811,0,0,35.00002,0,(0.0, 0.0, 0.0),(0.0, 0.0, 0.0)
5.66,1.857925,0,0.6440811,0,0,35.00002,0,(0.0, 0.0, 0.0),(0.0, 0.0, 0.0)
5.68,1.857925,0,0.6440811,0,0,35.00002,0,(0.0, 0.0, 0.0),(0.0, 0.0, 0.0)
5.7,1.857925,0,0.6440811,0,0,35.00002,0,(0.0, 0.0, 0.0),(0.0, 0.0, 0.0)
5.72,1.857925,0,0.6440811,0,0,35.00002,0,(0.0, 0.0, 0.0),(0.0, 0.0, 0.0)
5.74,1.857925,0,0.6440811,0,0,35.00002,0,(0.0, 0.0, 0.0),(0.0, 0.0, 0.0)
5.76,1.857925,0,0.6440811,0,0,35.00002,0,(0.0, 0.0, 0.0),(0.0, 0.0, 0.0)
5.78,1.857925,0,0.6440811,0,0,40.00001,0,(0.0, 0.0, 0.0),(0.0, 0.0, 0.0)
5.8,1.857925,0,0.6440811,0,0,45.00002,0,(0.0, 0.0, 0.0),(0.0, 0.0, 0.0)
5.82,1.857925,0,0.6440811,0,0,60.00003,0,(0.0, 0.0, 0.0),(0.0, 0.0, 0.0)
5.84,1.857925,0,0.6440811,0,0,65.00003,0,(0.0, 0.0, 0.0),(0.0, 0.0, 0.0)
5.86,1.857925,0,0.6440811,0,0,65.00003,0,(0.0, 0.0, 0.0),(0.0, 0.0, 0.0)
5.88,1.857925,0,0.6440811,0,0,70.00004,0,(0.0, 0.0, 0.0),(0.0, 0.0, 0.0)
5.9,1.857925,0,0.6440811,0,0,70.00004,0,(0.0, 0.0, 0.0),(0.0, 0.0, 0.0)
5.92,1.857925,0,0.6440811,0,0,70.00004,0,(0.0, 0.0, 0.0),(0.0, 0.0, 0.0)
5.94,1.857925,0,0.6440811,0,0,70.00004,0,(0.0, 0.0, 0.0),(0.0, 0.0, 0.0)
5.96,1.857925,0,0.6440811,0,0,70.00004,0,(0.0, 0.0, 0.0),(0.0, 0.0, 0.0)
5.98,1.857925,0,0.6440811,0,0,70.00004,0,(0.0, 0.0, 0.0),(0.0, 0.0, 0.0)
6,1.857925,0,0.6440811,0,0,70.00004,0,(0.0, 0.0, 0.0),(0.0, 0.0, 0.0)
6.02,1.857925,0,0.6440811,0,0,70.00004,0,(0.0, 0.0, 0.0),(0.0, 0.0, 0.0)
6.04,1.857925,0,0.6440811,0,0,70.00004,0,(0.0, 0.0, 0.0),(0.0, 0.0, 0.0)
6.06,1.857925,0,0.6440811,0,0,70.00004,0,(0.0, 0.0, 0.0),(0.0, 0.0, 0.0)
6.08,1.857925,0,0.6440811,0,0,70.00004,0,(0.0, 0.0, 0.0),(0.0, 0.0, 0.0)
6.1,1.857925,0,0.6440811,0,0,70.00004,0,(0.0, 0.0, 0.0),(0.0, 0.0, 0.0)
6.12,1.857925,0,0.6440811,0,0,70.00004,0,(0.0, 0.0, 0.0),(0.0, 0.0, 0.0)
6.14,1.857925,0,0.6440811,0,0,80.00003,0,(0.0, 0.0, 0.0),(0.0, 0.0, 0.0)
6.16,1.857925,0,0.6440811,0,0,90.00005,0,(0.0, 0.0, 0.0),(0.0, 0.0, 0.0)
6.18,1.857925,0,0.6440811,0,0,100,0,(0.0, 0.0, 0.0),(0.0, 0.0, 0.0)
6.2,1.857925,0,0.6440811,0,0,105.0001,0,(0.0, 0.0, 0.0),(0.0, 0.0, 0.0)
6.22,1.857925,0,0.6440811,0,0,105.0001,0,(0.0, 0.0, 0.0),(0.0, 0.0, 0.0)
6.24,1.857925,0,0.6440811,0,0,105.0001,0,(0.0, 0.0, 0.0),(0.0, 0.0, 0.0)
6.26,1.857925,0,0.6440811,0,0,105.0001,0,(0.0, 0.0, 0.0),(0.0, 0.0, 0.0)
6.28,1.857925,0,0.6440811,0,0,105.0001,0,(0.0, 0.0, 0.0),(0.0, 0.0, 0.0)
6.3,1.857925,0,0.6440811,0,0,105.0001,0,(0.0, 0.0, 0.0),(0.0, 0.0, 0.0)
6.32,1.857925,0,0.6440811,0,0,105.0001,0,(0.0, 0.0, 0.0),(0.0, 0.0, 0.0)
6.34,1.857925,0,0.6440811,0,0,105.0001,0,(0.0, 0.0, 0.0),(0.0, 0.0, 0.0)
6.36,1.857925,0,0.6440811,0,0,105.0001,0,(0.0, 0.0, 0.0),(0.0, 0.0, 0.0)
6.38,1.857925,0,0.6440811,0,0,105.0001,0,(0.0, 0.0, 0.0),(0.0, 0.0, 0.0)
6.4,1.857925,0,0.6440811,0,0,105.0001,0,(0.0, 0.0, 0.0),(0.0, 0.0, 0.0)
6.42,1.857925,0,0.6440811,0,0,105.0001,0,(0.0, 0.0, 0.0),(0.0, 0.0, 0.0)
6.44,1.857925,0,0.6440811,0,0,105.0001,0,(0.0, 0.0, 0.0),(0.0, 0.0, 0.0)
6.46,1.857925,0,0.6440811,0,0,105.0001,0,(0.0, 0.0, 0.0),(0.0, 0.0, 0.0)
6.48,1.857925,0,0.6440811,0,0,105.0001,0,(0.0, 0.0, 0.0),(0.0, 0.0, 0.0)
6.5,1.857925,0,0.6440811,0,0,110.0001,0,(0.0, 0.0, 0.0),(0.0, 0.0, 0.0)
6.52,1.857925,0,0.6440811,0,0,125.0001,0,(0.0, 0.0, 0.0),(0.0, 0.0, 0.0)
6.54,1.857925,0,0.6440811,0,0,135.0001,0,(0.0, 0.0, 0.0),(0.0, 0.0, 0.0)
6.56,1.857925,0,0.6440811,0,0,140.0001,0,(0.0, 0.0, 0.0),(0.0, 0.0, 0.0)
6.58,1.857925,0,0.6440811,0,0,140.0001,0,(0.0, 0.0, 0.0),(0.0, 0.0, 0.0)
6.6,1.857925,0,0.6440811,0,0,140.0001,0,(0.0, 0.0, 0.0),(0.0, 0.0, 0.0)
6.62,1.857925,0,0.6440811,0,0,140.0001,0,(0.0, 0.0, 0.0),(0.0, 0.0, 0.0)
6.64,1.857925,0,0.6440811,0,0,140.0001,0,(0.0, 0.0, 0.0),(0.0, 0.0, 0.0)
6.66,1.857925,0,0.6440811,0,0,140.0001,0,(0.0, 0.0, 0.0),(0.0, 0.0, 0.0)
6.68,1.857925,0,0.6440811,0,0,140.0001,0,(0.0, 0.0, 0.0),(0.0, 0.0, 0.0)
6.7,1.857925,0,0.6440811,0,0,140.0001,0,(0.0, 0.0, 0.0),(0.0, 0.0, 0.0)
6.72,1.857925,0,0.6440811,0,0,140.0001,0,(0.0, 0.0, 0.0),(0.0, 0.0, 0.0)
6.74,1.857925,0,0.6440811,0,0,140.0001,0,(0.0, 0.0, 0.0),(0.0, 0.0, 0.0)
6.76,1.857925,0,0.6440811,0,0,140.0001,0,(0.0, 0.0, 0.0),(0.0, 0.0, 0.0)
6.78,1.857925,0,0.6440811,0,0,140.0001,0,(0.0, 0.0, 0.0),(0.0, 0.0, 0.0)
6.8,1.857925,0,0.6440811,0,0,140.0001,0,(0.0, 0.0, 0.0),(0.0, 0.0, 0.0)
6.82,1.857925,0,0.6440811,0,0,140.0001,0,(0.0, 0.0, 0.0),(0.0, 0.0, 0.0)
6.84,1.857925,0,0.6440811,0,0,140.0001,0,(0.0, 0.0, 0.0),(0.0, 0.0, 0.0)
6.86,1.857925,0,0.6440811,0,0,140.0001,0,(0.0, 0.0, 0.0),(0.0, 0.0, 0.0)
6.88,1.857925,0,0.6440811,0,0,140.0001,0,(0.0, 0.0, 0.0),(0.0, 0.0, 0.0)
6.9,1.857925,0,0.6440811,0,0,140.0001,0,(0.0, 0.0, 0.0),(0.0, 0.0, 0.0)
6.92,1.857925,0,0.6440811,0,0,140.0001,0,(0.0, 0.0, 0.0),(0.0, 0.0, 0.0)
6.94,1.857925,0,0.6440811,0,0,140.0001,0,(0.0, 0.0, 0.0),(0.0, 0.0, 0.0)
6.96,1.857925,0,0.6440811,0,0,140.0001,0,(0.0, 0.0, 0.0),(0.0, 0.0, 0.0)
6.98,1.857925,0,0.6440811,0,0,140.0001,0,(0.0, 0.0, 0.0),(0.0, 0.0, 0.0)
7,1.857925,0,0.6440811,0,0,140.0001,0,(0.0, 0.0, 0.0),(0.0, 0.0, 0.0)
7.02,1.857925,0,0.6440811,0,0,140.0001,0,(0.0, 0.0, 0.0),(0.0, 0.0, 0.0)
7.04,1.857925,0,0.6440811,0,0,140.0001,0,(0.0, 0.0, 0.0),(0.0, 0.0, 0.0)
7.06,1.857925,0,0.6440811,0,0,140.0001,0,(0.0, 0.0, 0.0),(0.0, 0.0, 0.0)
7.08,1.857925,0,0.6440811,0,0,140.0001,0,(0.0, 0.0, 0.0),(0.0, 0.0, 0.0)
7.1,1.857925,0,0.6440811,0,0,140.0001,0,(0.0, 0.0, 0.0),(0.0, 0.0, 0.0)
7.12,1.857925,0,0.6440811,0,0,140.0001,0,(0.0, 0.0, 0.0),(0.0, 0.0, 0.0)
7.14,1.857925,0,0.6440811,0,0,140.0001,0,(0.0, 0.0, 0.0),(0.0, 0.0, 0.0)
7.16,1.857925,0,0.6440811,0,0,140.0001,0,(0.0, 0.0, 0.0),(0.0, 0.0, 0.0)
7.18,1.857925,0,0.6440811,0,0,140.0001,0,(0.0, 0.0, 0.0),(0.0, 0.0, 0.0)
7.2,1.857925,0,0.6440811,0,0,140.0001,0,(0.0, 0.0, 0.0),(0.0, 0.0, 0.0)
7.22,1.857925,0,0.6440811,0,0,140.0001,0,(0.0, 0.0, 0.0),(0.0, 0.0, 0.0)
7.24,1.857925,0,0.6440811,0,0,140.0001,0,(0.0, 0.0, 0.0),(0.0, 0.0, 0.0)
7.26,1.857925,0,0.6440811,0,0,140.0001,0,(0.0, 0.0, 0.0),(0.0, 0.0, 0.0)
7.28,1.857925,0,0.6440811,0,0,140.0001,0,(0.0, 0.0, 0.0),(0.0, 0.0, 0.0)
7.3,1.857925,0,0.6440811,0,0,140.0001,0,(0.0, 0.0, 0.0),(0.0, 0.0, 0.0)
7.32,1.857925,0,0.6440811,0,0,140.0001,0,(0.0, 0.0, 0.0),(0.0, 0.0, 0.0)
7.34,1.857925,0,0.6440811,0,0,140.0001,0,(0.0, 0.0, 0.0),(0.0, 0.0, 0.0)
7.36,1.857925,0,0.6440811,0,0,140.0001,1,(0.0, 0.0, 0.0),(-40.0, -7.5, 14.0)
7.38,1.857925,0,0.6440811,0,0,140.0001,1,(0.0, 0.0, 0.0),(-40.0, -7.5, 14.0)
7.4,1.857925,0,0.6440811,0,0,140.0001,1,(0.0, 0.0, 0.0),(-40.0, -7.5, 14.0)
7.42,1.857925,0,0.6440811,0,0,140.0001,1,(0.0, 0.0, 0.0),(-40.0, -7.5, 14.0)
7.44,1.857925,0,0.6440811,0,0,140.0001,1,(0.0, 0.0, 0.0),(-40.0, -7.5, 14.0)
7.46,1.857925,0,0.6440811,0,0,140.0001,1,(0.0, 0.0, 0.0),(-40.0, -7.5, 14.0)
7.48,1.857925,0,0.6440811,0,0,140.0001,1,(0.0, 0.0, 0.0),(-40.0, -7.5, 14.0)
7.5,1.857925,0,0.6440811,0,0,140.0001,1,(0.0, 0.0, 0.0),(-40.0, -7.5, 14.0)
7.52,1.857925,0,0.6440811,0,0,140.0001,1,(0.0, 0.0, 0.0),(-40.0, -7.5, 14.0)
7.54,1.857925,0,0.6440811,0,0,140.0001,1,(0.0, 0.0, 0.0),(-40.0, -7.5, 14.0)
7.56,1.857925,0,0.6440811,0,0,140.0001,1,(0.0, 0.0, 0.0),(-40.0, -7.5, 14.0)
7.58,1.857925,0,0.6440811,0,0,140.0001,1,(0.0, 0.0, 0.0),(-40.0, -7.5, 14.0)
7.6,1.857925,0,0.6440811,0,0,140.0001,1,(0.0, 0.0, 0.0),(-40.0, -7.5, 14.0)
7.62,1.857925,0,0.6440811,0,0,140.0001,1,(0.0, 0.0, 0.0),(-40.0, -7.5, 14.0)
7.64,1.857925,0,0.6440811,0,0,140.0001,1,(0.0, 0.0, 0.0),(-40.0, -7.5, 14.0)
7.66,1.857925,0,0.6440811,0,0,140.0001,1,(0.0, 0.0, 0.0),(-40.0, -7.5, 14.0)
7.68,1.857925,0,0.6440811,0,0,140.0001,1,(0.0, 0.0, 0.0),(-40.0, -7.5, 14.0)
7.7,1.857925,0,0.6440811,0,0,135.0001,1,(0.0, 0.0, 0.0),(-40.0, -7.5, 14.0)
7.72,1.857925,0,0.6440811,0,0,130.0001,1,(0.0, 0.0, 0.0),(-40.0, -7.5, 14.0)
7.74,1.857925,0,0.6440811,0,0,130.0001,1,(0.0, 0.0, 0.0),(-40.0, -7.5, 14.0)
7.76,1.857925,0,0.6440811,0,0,115.0001,1,(0.0, 0.0, 0.0),(-40.0, -7.5, 14.0)
7.78,1.857925,0,0.6440811,0,0,110.0001,1,(0.0, 0.0, 0.0),(-40.0, -7.5, 14.0)
7.8,1.857925,0,0.6440811,0,0,105.0001,1,(0.0, 0.0, 0.0),(-40.0, -7.5, 14.0)
7.82,1.857925,0,0.6440811,0,0,100,1,(0.0, 0.0, 0.0),(-40.0, -7.5, 14.0)
7.84,1.857925,0,0.6440811,0,0,100,1,(0.0, 0.0, 0.0),(-40.0, -7.5, 14.0)
7.86,1.857925,0,0.6440811,0,0,100,1,(0.0, 0.0, 0.0),(-40.0, -7.5, 14.0)
7.88,1.857925,0,0.6440811,0,0,100,1,(0.0, 0.0, 0.0),(-40.0, -7.5, 14.0)
7.9,1.857925,0,0.6440811,0,0,100,1,(0.0, 0.0, 0.0),(-40.0, -7.5, 14.0)
7.92,1.857925,0,0.6440811,0,0,100,1,(0.0, 0.0, 0.0),(-40.0, -7.5, 14.0)
7.94,1.857925,0,0.6440811,0,0,100,1,(0.0, 0.0, 0.0),(-40.0, -7.5, 14.0)
7.96,1.857925,0,0.6440811,0,0,100,1,(0.0, 0.0, 0.0),(-40.0, -7.5, 14.0)
7.98,1.857925,0,0.6440811,0,0,100,1,(0.0, 0.0, 0.0),(-40.0, -7.5, 14.0)
8,1.857925,0,0.6440811,0,0,100,1,(0.0, 0.0, 0.0),(-40.0, -7.5, 14.0)
8.02,1.857925,0,0.6440811,0,0,100,1,(0.0, 0.0, 0.0),(-40.0, -7.5, 14.0)
8.04,1.857925,0,0.6440811,0,0,100,1,(0.0, 0.0, 0.0),(-40.0, -7.5, 14.0)
8.059999,1.857925,0,0.6440811,0,0,95.00005,1,(0.0, 0.0, 0.0),(-40.0, -7.5, 14.0)
8.08,1.857925,0,0.6440811,0,0,90.00004,1,(0.0, 0.0, 0.0),(-40.0, -7.5, 14.0)
8.099999,1.857925,0,0.6440811,0,0,80.00003,1,(0.0, 0.0, 0.0),(-40.0, -7.5, 14.0)
8.12,1.857925,0,0.6440811,0,0,70.00004,1,(0.0, 0.0, 0.0),(-40.0, -7.5, 14.0)
8.139999,1.857925,0,0.6440811,0,0,60.00003,1,(0.0, 0.0, 0.0),(-40.0, -7.5, 14.0)
8.16,1.857925,0,0.6440811,0,0,60.00003,1,(0.0, 0.0, 0.0),(-40.0, -7.5, 14.0)
8.179999,1.857925,0,0.6440811,0,0,60.00003,1,(0.0, 0.0, 0.0),(-40.0, -7.5, 14.0)
8.2,1.857925,0,0.6440811,0,0,60.00003,1,(0.0, 0.0, 0.0),(-40.0, -7.5, 14.0)
8.22,1.857925,0,0.6440811,0,0,60.00003,1,(0.0, 0.0, 0.0),(-40.0, -7.5, 14.0)
8.24,1.857925,0,0.6440811,0,0,60.00003,1,(0.0, 0.0, 0.0),(-40.0, -7.5, 14.0)
8.26,1.857925,0,0.6440811,0,0,60.00003,1,(0.0, 0.0, 0.0),(-40.0, -7.5, 14.0)
8.28,1.857925,0,0.6440811,0,0,60.00003,1,(0.0, 0.0, 0.0),(-40.0, -7.5, 14.0)
8.3,1.857925,0,0.6440811,0,0,60.00003,1,(0.0, 0.0, 0.0),(-40.0, -7.5, 14.0)
8.32,1.857925,0,0.6440811,0,0,60.00003,1,(0.0, 0.0, 0.0),(-40.0, -7.5, 14.0)
8.34,1.857925,0,0.6440811,0,0,60.00003,1,(0.0, 0.0, 0.0),(-40.0, -7.5, 14.0)
8.36,1.857925,0,0.6440811,0,0,60.00003,1,(0.0, 0.0, 0.0),(-40.0, -7.5, 14.0)
8.38,1.857925,0,0.6440811,0,0,60.00003,1,(0.0, 0.0, 0.0),(-40.0, -7.5, 14.0)
8.4,1.857925,0,0.6440811,0,0,60.00003,1,(0.0, 0.0, 0.0),(-40.0, -7.5, 14.0)
8.42,1.857925,0,0.6440811,0,0,50.00003,1,(0.0, 0.0, 0.0),(-40.0, -7.5, 14.0)
8.44,1.857925,0,0.6440811,0,0,40.00003,1,(0.0, 0.0, 0.0),(-40.0, -7.5, 14.0)
8.46,1.857925,0,0.6440811,0,0,30.00002,1,(0.0, 0.0, 0.0),(-40.0, -7.5, 14.0)
8.48,1.857925,0,0.6440811,0,0,30.00002,1,(0.0, 0.0, 0.0),(-40.0, -7.5, 14.0)
8.5,1.857925,0,0.6440811,0,0,25.00002,1,(0.0, 0.0, 0.0),(-40.0, -7.5, 14.0)
8.52,1.857925,0,0.6440811,0,0,25.00002,1,(0.0, 0.0, 0.0),(-40.0, -7.5, 14.0)
8.54,1.857925,0,0.6440811,0,0,25.00002,1,(0.0, 0.0, 0.0),(-40.0, -7.5, 14.0)
8.559999,1.857925,0,0.6440811,0,0,25.00002,1,(0.0, 0.0, 0.0),(-40.0, -7.5, 14.0)
8.58,1.857925,0,0.6440811,0,0,25.00002,1,(0.0, 0.0, 0.0),(-40.0, -7.5, 14.0)
8.599999,1.857925,0,0.6440811,0,0,25.00002,1,(0.0, 0.0, 0.0),(-40.0, -7.5, 14.0)
8.62,1.857925,0,0.6440811,0,0,25.00002,1,(0.0, 0.0, 0.0),(-40.0, -7.5, 14.0)
8.639999,1.857925,0,0.6440811,0,0,25.00002,1,(0.0, 0.0, 0.0),(-40.0, -7.5, 14.0)
8.66,1.857925,0,0.6440811,0,0,25.00002,1,(0.0, 0.0, 0.0),(-40.0, -7.5, 14.0)
8.679999,1.857925,0,0.6440811,0,0,25.00002,1,(0.0, 0.0, 0.0),(-40.0, -7.5, 14.0)
8.7,1.857925,0,0.6440811,0,0,25.00002,1,(0.0, 0.0, 0.0),(-40.0, -7.5, 14.0)
8.72,1.878453,0,1.299786,0,0,25.00002,1,(0.0, 0.0, 0.0),(-40.0, -7.5, 14.0)
8.74,1.878453,0,1.299786,0,0,25.00002,1,(0.0, 0.0, 0.0),(-40.0, -7.5, 14.0)
8.76,1.878453,0,1.299786,0,0,15.00001,1,(0.0, 0.0, 0.0),(-40.0, -7.5, 14.0)
8.78,1.878453,0,1.299786,0,0,5.00001,1,(0.0, 0.0, 0.0),(-40.0, -7.5, 14.0)
8.8,1.920902,0,2.65564,0,0,355,1,(0.0, 0.0, 0.0),(-40.0, -7.5, 14.0)
8.82,2.080922,0,4.074223,0,0,355,1,(0.0, 0.0, 0.0),(-40.0, -7.5, 14.0)
8.84,2.080922,0,4.074223,0,0,355,1,(0.0, 0.0, 0.0),(-40.0, -7.5, 14.0)
8.86,2.080922,0,4.074223,0,0,355,1,(0.0, 0.0, 0.0),(-40.0, -7.5, 14.0)
8.88,2.080922,0,4.074223,0,0,355,1,(0.0, 0.0, 0.0),(-40.0, -7.5, 14.0)
8.9,2.080922,0,4.074223,0,0,355,1,(0.0, 0.0, 0.0),(-40.0, -7.5, 14.0)
8.92,2.080922,0,4.074223,0,0,355,1,(0.0, 0.0, 0.0),(-40.0, -7.5, 14.0)
8.94,2.080922,0,4.074223,0,0,355,1,(0.0, 0.0, 0.0),(-40.0, -7.5, 14.0)
8.96,2.080922,0,4.074223,0,0,355,1,(0.0, 0.0, 0.0),(-40.0, -7.5, 14.0)
8.98,2.080922,0,4.074223,0,0,355,1,(0.0, 0.0, 0.0),(-40.0, -7.5, 14.0)
9,2.080922,0,4.074223,0,0,355,1,(0.0, 0.0, 0.0),(-40.0, -7.5, 14.0)
9.02,2.080922,0,4.074223,0,0,355,1,(0.0, 0.0, 0.0),(-40.0, -7.5, 14.0)
9.04,2.080922,0,4.074223,0,0,355,1,(0.0, 0.0, 0.0),(-40.0, -7.5, 14.0)
9.059999,2.080922,0,4.074223,0,0,355,1,(0.0, 0.0, 0.0),(-40.0, -7.5, 14.0)
9.08,2.080922,0,4.074223,0,0,355,1,(0.0, 0.0, 0.0),(-40.0, -7.5, 14.0)
9.099999,2.080922,0,4.074223,0,0,355,1,(0.0, 0.0, 0.0),(-40.0, -7.5, 14.0)
9.12,2.080922,0,4.074223,0,0,355,1,(0.0, 0.0, 0.0),(-40.0, -7.5, 14.0)
9.139999,2.080922,0,4.074223,0,0,355,1,(0.0, 0.0, 0.0),(-40.0, -7.5, 14.0)
9.16,2.080922,0,4.074223,0,0,355,1,(0.0, 0.0, 0.0),(-40.0, -7.5, 14.0)
9.179999,2.080922,0,4.074223,0,0,355,1,(0.0, 0.0, 0.0),(-40.0, -7.5, 14.0)
9.2,2.080922,0,4.074223,0,0,355,1,(0.0, 0.0, 0.0),(-40.0, -7.5, 14.0)
9.22,2.080922,0,4.074223,0,0,355,1,(0.0, 0.0, 0.0),(-40.0, -7.5, 14.0)
9.24,2.080922,0,4.074223,0,0,355,1,(0.0, 0.0, 0.0),(-40.0, -7.5, 14.0)
9.26,2.105259,0,4.808384,0,0,355,1,(0.0, 0.0, 0.0),(-40.0, -7.5, 14.0)
9.28,2.155682,-9.536743E-07,6.329453,0,0,355,1,(0.0, 0.0, 0.0),(-40.0, -7.5, 14.0)
9.3,2.292995,0,10.4717,0,0,355,1,(0.0, 0.0, 0.0),(-40.0, -7.5, 14.0)
9.32,2.35294,0,12.28004,0,0,355,1,(0.0, 0.0, 0.0),(-40.0, -7.5, 14.0)
9.34,2.416102,0,14.18544,0,0,355,1,(0.0, 0.0, 0.0),(-40.0, -7.5, 14.0)
9.36,2.377612,0,17.24342,0,0,355,1,(0.0, 0.0, 0.0),(-40.0, -7.5, 14.0)
9.38,2.26949,0,18.32058,0,0,355,1,(0.0, 0.0, 0.0),(-40.0, -7.5, 14.0)
9.4,2.26949,0,18.32058,0,0,355,1,(0.0, 0.0, 0.0),(-40.0, -7.5, 14.0)
9.42,2.302143,0,19.42873,0,0,355,1,(0.0, 0.0, 0.0),(-40.0, -7.5, 14.0)
9.44,2.302143,0,19.42873,0,0,355,1,(0.0, 0.0, 0.0),(-40.0, -7.5, 14.0)
9.46,2.302143,0,19.42873,0,0,355,1,(0.0, 0.0, 0.0),(-40.0, -7.5, 14.0)
9.48,2.302143,0,19.42873,0,0,355,1,(0.0, 0.0, 0.0),(-40.0, -7.5, 14.0)
9.5,2.302143,0,19.42873,0,0,355,1,(0.0, 0.0, 0.0),(-40.0, -7.5, 14.0)
9.52,2.302143,0,19.42873,0,0,355,1,(0.0, 0.0, 0.0),(-40.0, -7.5, 14.0)
9.54,2.302143,0,19.42873,0,0,355,1,(0.0, 0.0, 0.0),(-40.0, -7.5, 14.0)
9.559999,2.302143,0,19.42873,0,0,355,1,(0.0, 0.0, 0.0),(-40.0, -7.5, 14.0)
9.58,2.302143,0,19.42873,0,0,7.683962E-06,1,(0.0, 0.0, 0.0),(-40.0, -7.5, 14.0)
9.599999,2.302143,0,19.42873,0,0,7.683962E-06,1,(0.0, 0.0, 0.0),(-40.0, -7.5, 14.0)
9.62,2.302143,0,19.42873,0,0,7.683962E-06,1,(0.0, 0.0, 0.0),(-40.0, -7.5, 14.0)
9.639999,1.931031,0,16.196,0,0,7.683962E-06,1,(0.0, 0.0, 0.0),(-40.0, -7.5, 14.0)
9.66,1.744964,0,14.18543,0,0,7.683962E-06,1,(0.0, 0.0, 0.0),(-40.0, -7.5, 14.0)
9.679999,1.401273,0,10.47171,0,0,7.683962E-06,1,(0.0, 0.0, 0.0),(-40.0, -7.5, 14.0)
9.7,1.401273,0,10.47171,0,0,7.683962E-06,1,(0.0, 0.0, 0.0),(-40.0, -7.5, 14.0)
9.719999,1.383648,0,9.601677,0,0,7.683962E-06,1,(0.0, 0.0, 0.0),(-40.0, -7.5, 14.0)
9.74,1.383648,0,9.601677,0,0,7.683962E-06,1,(0.0, 0.0, 0.0),(-40.0, -7.5, 14.0)
9.76,1.383648,0,9.601677,0,0,7.683962E-06,1,(0.0, 0.0, 0.0),(-40.0, -7.5, 14.0)
9.78,1.383648,0,9.601677,0,0,7.683962E-06,1,(0.0, 0.0, 0.0),(-40.0, -7.5, 14.0)
9.8,1.383648,0,9.601677,0,0,7.683962E-06,1,(0.0, 0.0, 0.0),(-40.0, -7.5, 14.0)
9.82,1.383648,0,9.601677,0,0,7.683962E-06,1,(0.0, 0.0, 0.0),(-40.0, -7.5, 14.0)
9.84,1.383648,0,9.601677,0,0,5.00001,1,(0.0, 0.0, 0.0),(-40.0, -7.5, 14.0)
9.86,1.383648,0,9.601677,0,0,5.00001,1,(0.0, 0.0, 0.0),(-40.0, -7.5, 14.0)
9.88,1.383648,0,9.601677,0,0,5.00001,1,(0.0, 0.0, 0.0),(-40.0, -7.5, 14.0)
9.9,1.383648,0,9.601677,0,0,5.00001,1,(0.0, 0.0, 0.0),(-40.0, -7.5, 14.0)
9.92,1.383648,0,9.601677,0,0,5.00001,1,(0.0, 0.0, 0.0),(-40.0, -7.5, 14.0)
9.94,1.383648,0,9.601677,0,0,5.00001,1,(0.0, 0.0, 0.0),(-40.0, -7.5, 14.0)
9.96,1.383648,0,9.601677,0,0,5.00001,1,(0.0, 0.0, 0.0),(-40.0, -7.5, 14.0)
9.98,1.383648,0,9.601677,0,0,5.00001,1,(0.0, 0.0, 0.0),(-40.0, -7.5, 14.0)
10,1.383648,0,9.601677,0,0,5.00001,1,(0.0, 0.0, 0.0),(-40.0, -7.5, 14.0)
10.02,1.383648,0,9.601677,0,0,5.00001,1,(0.0, 0.0, 0.0),(-40.0, -7.5, 14.0)
10.04,1.383648,0,9.601677,0,0,5.00001,1,(0.0, 0.0, 0.0),(-40.0, -7.5, 14.0)
10.06,1.383648,0,9.601677,0,0,5.00001,1,(0.0, 0.0, 0.0),(-40.0, -7.5, 14.0)
10.08,1.383648,0,9.601677,0,0,5.00001,1,(0.0, 0.0, 0.0),(-40.0, -7.5, 14.0)
10.1,1.383648,0,9.601677,0,0,5.00001,1,(0.0, 0.0, 0.0),(-40.0, -7.5, 14.0)
10.12,1.383648,0,9.601677,0,0,5.00001,1,(0.0, 0.0, 0.0),(-40.0, -7.5, 14.0)
10.14,1.383648,0,9.601677,0,0,5.00001,1,(0.0, 0.0, 0.0),(-40.0, -7.5, 14.0)
10.16,1.383648,0,9.601677,0,0,5.00001,1,(0.0, 0.0, 0.0),(-40.0, -7.5, 14.0)
10.18,1.383648,0,9.601677,0,0,5.00001,1,(0.0, 0.0, 0.0),(-40.0, -7.5, 14.0)
10.2,1.383648,0,9.601677,0,0,5.00001,1,(0.0, 0.0, 0.0),(-40.0, -7.5, 14.0)
10.22,1.226986,0,7.925186,0,0,5.00001,1,(0.0, 0.0, 0.0),(-40.0, -7.5, 14.0)
10.24,1.212114,0,7.117645,0,0,5.00001,1,(0.0, 0.0, 0.0),(-40.0, -7.5, 14.0)
10.26,1.212114,0,7.117645,0,0,5.00001,1,(0.0, 0.0, 0.0),(-40.0, -7.5, 14.0)
10.28,1.212114,0,7.117645,0,0,5.00001,1,(0.0, 0.0, 0.0),(-40.0, -7.5, 14.0)
10.3,1.212114,0,7.117645,0,0,5.00001,1,(0.0, 0.0, 0.0),(-40.0, -7.5, 14.0)
10.32,1.212114,0,7.117645,0,0,5.00001,1,(0.0, 0.0, 0.0),(-40.0, -7.5, 14.0)
10.34,1.212114,0,7.117645,0,0,5.00001,1,(0.0, 0.0, 0.0),(-40.0, -7.5, 14.0)
10.36,1.212114,0,7.117645,0,0,5.00001,1,(0.0, 0.0, 0.0),(-40.0, -7.5, 14.0)
10.38,1.212114,0,7.117645,0,0,5.00001,1,(0.0, 0.0, 0.0),(-40.0, -7.5, 14.0)
10.4,1.212114,0,7.117645,0,0,5.00001,1,(0.0, 0.0, 0.0),(-40.0, -7.5, 14.0)
10.42,1.212114,0,7.117645,0,0,5.00001,1,(0.0, 0.0, 0.0),(-40.0, -7.5, 14.0)
10.44,1.212114,0,7.117645,0,0,5.00001,1,(0.0, 0.0, 0.0),(-40.0, -7.5, 14.0)
10.46,1.212114,0,7.117645,0,0,5.00001,1,(0.0, 0.0, 0.0),(-40.0, -7.5, 14.0)
10.48,1.212114,0,7.117645,0,0,5.00001,1,(0.0, 0.0, 0.0),(-40.0, -7.5, 14.0)
10.5,1.212114,0,7.117645,0,0,5.00001,1,(0.0, 0.0, 0.0),(-40.0, -7.5, 14.0)
10.52,1.212114,0,7.117645,0,0,5.00001,1,(0.0, 0.0, 0.0),(-40.0, -7.5, 14.0)
10.54,1.212114,0,7.117645,0,0,5.00001,1,(0.0, 0.0, 0.0),(-40.0, -7.5, 14.0)
10.56,1.333327,0,7.117638,0,0,5.00001,1,(0.0, 0.0, 0.0),(-40.0, -7.5, 14.0)
10.58,1.333327,0,7.117638,0,0,5.00001,1,(0.0, 0.0, 0.0),(-40.0, -7.5, 14.0)
10.6,1.333327,0,7.117638,0,0,5.00001,1,(0.0, 0.0, 0.0),(-40.0, -7.5, 14.0)
10.62,1.333327,0,7.117638,0,0,5.00001,1,(0.0, 0.0, 0.0),(-40.0, -7.5, 14.0)
10.64,1.45454,0,7.117638,0,0,5.00001,1,(0.0, 0.0, 0.0),(-40.0, -7.5, 14.0)
10.66,1.45454,0,7.117638,0,0,5.00001,1,(0.0, 0.0, 0.0),(-40.0, -7.5, 14.0)
10.68,1.45454,0,7.117638,0,0,5.00001,1,(0.0, 0.0, 0.0),(-40.0, -7.5, 14.0)
10.7,1.472386,0,7.925179,0,0,5.00001,1,(0.0, 0.0, 0.0),(-40.0, -7.5, 14.0)
10.72,1.472386,0,7.925179,0,0,5.00001,1,(0.0, 0.0, 0.0),(-40.0, -7.5, 14.0)
10.74,1.490685,0,8.753212,0,0,5.00001,1,(0.0, 0.0, 0.0),(-40.0, -7.5, 14.0)
10.76,1.490685,0,8.753212,0,0,7.683962E-06,1,(0.0, 0.0, 0.0),(-40.0, -7.5, 14.0)
10.78,1.490685,0,8.753212,0,0,7.683962E-06,1,(0.0, 0.0, 0.0),(-40.0, -7.5, 14.0)
10.8,1.61491,0,8.753212,0,0,7.683962E-06,1,(0.0, 0.0, 0.0),(-40.0, -7.5, 14.0)
10.82,1.61491,0,8.753212,0,0,7.683962E-06,1,(0.0, 0.0, 0.0),(-40.0, -7.5, 14.0)
10.84,1.61491,0,8.753212,0,0,7.683962E-06,1,(0.0, 0.0, 0.0),(-40.0, -7.5, 14.0)
10.86,1.61491,0,8.753212,0,0,7.683962E-06,1,(0.0, 0.0, 0.0),(-40.0, -7.5, 14.0)
10.88,1.61491,0,8.753212,0,0,7.683962E-06,1,(0.0, 0.0, 0.0),(-40.0, -7.5, 14.0)
10.9,1.61491,0,8.753212,0,0,7.683962E-06,1,(0.0, 0.0, 0.0),(-40.0, -7.5, 14.0)
10.92,1.61491,0,8.753212,0,0,7.683962E-06,1,(0.0, 0.0, 0.0),(-40.0, -7.5, 14.0)
10.94,1.61491,0,8.753212,0,0,7.683962E-06,1,(0.0, 0.0, 0.0),(-40.0, -7.5, 14.0)
10.96,1.61491,0,8.753212,0,0,7.683962E-06,1,(0.0, 0.0, 0.0),(-40.0, -7.5, 14.0)
10.98,1.61491,0,8.753212,0,0,7.683962E-06,1,(0.0, 0.0, 0.0),(-40.0, -7.5, 14.0)
11,1.61491,0,8.753212,0,0,7.683962E-06,1,(0.0, 0.0, 0.0),(-40.0, -7.5, 14.0)
11.02,1.61491,0,8.753212,0,0,7.683962E-06,1,(0.0, 0.0, 0.0),(-40.0, -7.5, 14.0)
11.04,1.61491,0,8.753212,0,0,7.683962E-06,1,(0.0, 0.0, 0.0),(-40.0, -7.5, 14.0)
11.06,1.61491,0,8.753212,0,0,7.683962E-06,1,(0.0, 0.0, 0.0),(-40.0, -7.5, 14.0)
11.08,1.61491,0,8.753212,0,0,7.683962E-06,1,(0.0, 0.0, 0.0),(-40.0, -7.5, 14.0)
11.1,1.61491,0,8.753212,0,0,7.683962E-06,1,(0.0, 0.0, 0.0),(-40.0, -7.5, 14.0)
11.12,1.61491,0,8.753212,0,0,7.683962E-06,1,(0.0, 0.0, 0.0),(-40.0, -7.5, 14.0)
11.14,1.61491,0,8.753212,0,0,7.683962E-06,1,(0.0, 0.0, 0.0),(-40.0, -7.5, 14.0)
11.16,1.61491,0,8.753212,0,0,7.683962E-06,1,(0.0, 0.0, 0.0),(-40.0, -7.5, 14.0)
11.18,1.61491,0,8.753212,0,0,7.683962E-06,1,(0.0, 0.0, 0.0),(-40.0, -7.5, 14.0)
11.2,1.61491,0,8.753212,0,0,7.683962E-06,1,(0.0, 0.0, 0.0),(-40.0, -7.5, 14.0)
11.22,1.61491,0,8.753212,0,0,7.683962E-06,1,(0.0, 0.0, 0.0),(-40.0, -7.5, 14.0)
11.24,1.61491,0,8.753212,0,0,7.683962E-06,1,(0.0, 0.0, 0.0),(-40.0, -7.5, 14.0)
11.26,1.61491,0,8.753212,0,0,7.683962E-06,1,(0.0, 0.0, 0.0),(-40.0, -7.5, 14.0)
11.28,1.61491,0,8.753212,0,0,7.683962E-06,1,(0.0, 0.0, 0.0),(-40.0, -7.5, 14.0)
11.3,1.61491,0,8.753212,0,0,7.683962E-06,1,(0.0, 0.0, 0.0),(-40.0, -7.5, 14.0)
11.32,1.61491,0,8.753212,0,0,7.683962E-06,1,(0.0, 0.0, 0.0),(-40.0, -7.5, 14.0)
11.34,1.61491,0,8.753212,0,0,7.683962E-06,1,(0.0, 0.0, 0.0),(-40.0, -7.5, 14.0)
11.36,1.61491,0,8.753212,0,0,7.683962E-06,1,(0.0, 0.0, 0.0),(-40.0, -7.5, 14.0)
11.38,1.61491,0,8.753212,0,0,7.683962E-06,1,(0.0, 0.0, 0.0),(-40.0, -7.5, 14.0)
11.4,1.61491,0,8.753212,0,0,7.683962E-06,1,(0.0, 0.0, 0.0),(-40.0, -7.5, 14.0)
11.42,1.61491,0,8.753212,0,0,7.683962E-06,1,(0.0, 0.0, 0.0),(-40.0, -7.5, 14.0)
11.44,1.61491,0,8.753212,0,0,7.683962E-06,1,(0.0, 0.0, 0.0),(-40.0, -7.5, 14.0)
11.46,1.61491,0,8.753212,0,0,7.683962E-06,1,(0.0, 0.0, 0.0),(-40.0, -7.5, 14.0)
11.48,1.61491,0,8.753212,0,0,7.683962E-06,1,(0.0, 0.0, 0.0),(-40.0, -7.5, 14.0)
11.5,1.61491,0,8.753212,0,0,7.683962E-06,1,(0.0, 0.0, 0.0),(-40.0, -7.5, 14.0)
11.52,1.61491,0,8.753212,0,0,7.683962E-06,1,(0.0, 0.0, 0.0),(-40.0, -7.5, 14.0)
11.54,1.61491,0,8.753212,0,0,7.683962E-06,1,(0.0, 0.0, 0.0),(-40.0, -7.5, 14.0)
11.56,1.61491,0,8.753212,0,0,7.683962E-06,1,(0.0, 0.0, 0.0),(-40.0, -7.5, 14.0)
11.58,1.61491,0,8.753212,0,0,7.683962E-06,1,(0.0, 0.0, 0.0),(-40.0, -7.5, 14.0)
11.6,1.61491,0,8.753212,0,0,7.683962E-06,1,(0.0, 0.0, 0.0),(-40.0, -7.5, 14.0)
11.62,1.61491,0,8.753212,0,0,7.683962E-06,1,(0.0, 0.0, 0.0),(-40.0, -7.5, 14.0)
11.64,1.61491,0,8.753212,0,0,7.683962E-06,1,(0.0, 0.0, 0.0),(-40.0, -7.5, 14.0)
11.66,1.61491,0,8.753212,0,0,7.683962E-06,1,(0.0, 0.0, 0.0),(-40.0, -7.5, 14.0)
11.68,1.61491,0,8.753212,0,0,7.683962E-06,1,(0.0, 0.0, 0.0),(-40.0, -7.5, 14.0)
11.7,1.61491,0,8.753212,0,0,7.683962E-06,1,(0.0, 0.0, 0.0),(-40.0, -7.5, 14.0)
11.72,1.61491,0,8.753212,0,0,7.683962E-06,1,(0.0, 0.0, 0.0),(-40.0, -7.5, 14.0)
11.74,1.61491,0,8.753212,0,0,7.683962E-06,1,(0.0, 0.0, 0.0),(-40.0, -7.5, 14.0)
11.76,1.61491,0,8.753212,0,0,7.683962E-06,1,(0.0, 0.0, 0.0),(-40.0, -7.5, 14.0)
11.78,1.61491,0,8.753212,0,0,7.683962E-06,1,(0.0, 0.0, 0.0),(-40.0, -7.5, 14.0)
11.8,1.61491,0,8.753212,0,0,7.683962E-06,1,(0.0, 0.0, 0.0),(-40.0, -7.5, 14.0)
11.82,0.1290335,0,11.36421,0,0,7.683962E-06,1,(0.0, 0.0, 0.0),(-40.0, -7.5, 14.0)
11.84,0.1290335,0,11.36421,0,0,7.683962E-06,1,(0.0, 0.0, 0.0),(-40.0, -7.5, 14.0)
11.86,-2.72108,0,15.17705,0,0,7.683962E-06,1,(0.0, 0.0, 0.0),(-40.0, -7.5, 14.0)
11.88,-9.323315,0,22.95382,0,0,7.683962E-06,1,(0.0, 0.0, 0.0),(-40.0, -7.5, 14.0)
11.9,-13.70076,0,26.81127,0,0,7.683962E-06,1,(0.0, 0.0, 0.0),(-40.0, -7.5, 14.0)
11.92,-15.19996,0,28.17937,0,0,7.683962E-06,1,(0.0, 0.0, 0.0),(-40.0, -7.5, 14.0)
11.94,-20.49579,0,31.05132,0,0,7.683962E-06,1,(0.0, 0.0, 0.0),(-40.0, -7.5, 14.0)
11.96,-21.15694,0,31.05132,0,0,7.683962E-06,1,(0.0, 0.0, 0.0),(-40.0, -7.5, 14.0)
11.98,-25.12805,0,34.11954,0,0,7.683962E-06,1,(0.0, 0.0, 0.0),(-40.0, -7.5, 14.0)
12,-26.32463,0,34.11955,0,0,7.683962E-06,1,(0.0, 0.0, 0.0),(-40.0, -7.5, 14.0)
12.02,-27.00839,0,34.11955,0,0,7.683962E-06,1,(0.0, 0.0, 0.0),(-40.0, -7.5, 14.0)
12.04,-28.88872,0,34.11955,0,0,7.683962E-06,1,(0.0, 0.0, 0.0),(-40.0, -7.5, 14.0)
12.06,-31.96562,0,34.11955,0,0,7.683962E-06,1,(0.0, 0.0, 0.0),(-40.0, -7.5, 14.0)
12.08,-32.99126,0,34.11955,0,0,7.683962E-06,1,(0.0, 0.0, 0.0),(-40.0, -7.5, 14.0)
12.1,-35.47834,0,35.73458,0,0,7.683962E-06,1,(0.0, 0.0, 0.0),(-40.0, -7.5, 14.0)
12.12,-39.46907,0,37.40589,0,0,7.683962E-06,1,(0.0, 0.0, 0.0),(-40.0, -7.5, 14.0)
12.14,-42.75231,0,40.93262,0,0,7.683962E-06,1,(0.0, 0.0, 0.0),(-40.0, -7.5, 14.0)
12.16,-47.61897,0,44.72794,0,0,7.683962E-06,1,(0.0, 0.0, 0.0),(-40.0, -7.5, 14.0)
12.18,-48.38087,0,44.72794,0,0,7.683962E-06,1,(0.0, 0.0, 0.0),(-40.0, -7.5, 14.0)
12.2,-49.7142,0,44.72794,0,0,7.683962E-06,1,(0.0, 0.0, 0.0),(-40.0, -7.5, 14.0)
12.22,-50,0,44.72794,0,0,7.683962E-06,1,(0.0, 0.0, 0.0),(-40.0, -7.5, 14.0)
12.24,-50,0,44.72794,0,0,7.683962E-06,1,(0.0, 0.0, 0.0),(-40.0, -7.5, 14.0)
12.26,-50,0,42.7948,0,0,7.683962E-06,1,(0.0, 0.0, 0.0),(-40.0, -7.5, 14.0)
12.28,-50,0,40.93262,0,0,7.683962E-06,1,(0.0, 0.0, 0.0),(-40.0, -7.5, 14.0)
12.3,-50,0,40.93261,0,0,7.683962E-06,1,(0.0, 0.0, 0.0),(-40.0, -7.5, 14.0)
12.32,-49.21749,0,35.73458,0,0,7.683962E-06,1,(0.0, 0.0, 0.0),(-40.0, -7.5, 14.0)
12.34,-48.23506,0,32.55966,0,0,7.683962E-06,1,(0.0, 0.0, 0.0),(-40.0, -7.5, 14.0)
12.36,-48.23506,0,32.55966,0,0,7.683962E-06,1,(0.0, 0.0, 0.0),(-40.0, -7.5, 14.0)
12.38,-47.15433,0,29.59203,0,0,7.683962E-06,1,(0.0, 0.0, 0.0),(-40.0, -7.5, 14.0)
12.4,-47.31694,0,29.59203,0,0,7.683962E-06,1,(0.0, 0.0, 0.0),(-40.0, -7.5, 14.0)
12.42,-45.73638,0,25.48558,0,0,7.683962E-06,1,(0.0, 0.0, 0.0),(-40.0, -7.5, 14.0)
12.44,-45.89142,0,25.48557,0,0,7.683962E-06,1,(0.0, 0.0, 0.0),(-40.0, -7.5, 14.0)
12.46,-45.49618,0,24.20038,0,0,7.683962E-06,1,(0.0, 0.0, 0.0),(-40.0, -7.5, 14.0)
12.48,-44.29635,0,21.74419,0,0,7.683962E-06,1,(0.0, 0.0, 0.0),(-40.0, -7.5, 14.0)
12.5,-43.64969,0,20.56983,0,0,7.683962E-06,1,(0.0, 0.0, 0.0),(-40.0, -7.5, 14.0)
12.52,-43.64969,0,20.56983,0,0,7.683962E-06,1,(0.0, 0.0, 0.0),(-40.0, -7.5, 14.0)
12.54,-43.64969,0,20.56983,0,0,7.683962E-06,1,(0.0, 0.0, 0.0),(-40.0, -7.5, 14.0)
12.56,-43.64969,0,20.56983,0,0,7.683962E-06,1,(0.0, 0.0, 0.0),(-40.0, -7.5, 14.0)
12.58,-43.64969,0,20.56983,0,0,7.683962E-06,1,(0.0, 0.0, 0.0),(-40.0, -7.5, 14.0)
12.6,-43.64969,0,20.56983,0,0,7.683962E-06,1,(0.0, 0.0, 0.0),(-40.0, -7.5, 14.0)
12.62,-43.64969,0,20.56983,0,0,7.683962E-06,1,(0.0, 0.0, 0.0),(-40.0, -7.5, 14.0)
12.64,-43.64969,0,20.56983,0,0,7.683962E-06,1,(0.0, 0.0, 0.0),(-40.0, -7.5, 14.0)
12.66,-43.64969,0,20.56983,0,0,7.683962E-06,1,(0.0, 0.0, 0.0),(-40.0, -7.5, 14.0)
12.68,-43.64969,0,20.56983,0,0,7.683962E-06,1,(0.0, 0.0, 0.0),(-40.0, -7.5, 14.0)
12.7,-43.64969,0,20.56983,0,0,7.683962E-06,1,(0.0, 0.0, 0.0),(-40.0, -7.5, 14.0)
12.72,-43.64969,0,20.56983,0,0,7.683962E-06,1,(0.0, 0.0, 0.0),(-40.0, -7.5, 14.0)
12.74,-43.64969,0,20.56983,0,0,7.683962E-06,1,(0.0, 0.0, 0.0),(-40.0, -7.5, 14.0)
12.76,-43.64969,0,20.56983,0,0,7.683962E-06,1,(0.0, 0.0, 0.0),(-40.0, -7.5, 14.0)
12.78,-43.64969,0,20.56983,0,0,7.683962E-06,1,(0.0, 0.0, 0.0),(-40.0, -7.5, 14.0)
12.8,-43.64969,0,20.56983,0,0,7.683962E-06,1,(0.0, 0.0, 0.0),(-40.0, -7.5, 14.0)
12.82,-43.79568,0,20.56984,0,0,7.683962E-06,1,(0.0, 0.0, 0.0),(-40.0, -7.5, 14.0)
12.84,-42.55299,0,18.32058,0,0,7.683962E-06,1,(0.0, 0.0, 0.0),(-40.0, -7.5, 14.0)
12.86,-42.55299,0,18.32058,0,0,7.683962E-06,1,(0.0, 0.0, 0.0),(-40.0, -7.5, 14.0)
12.88,-41.95788,0,17.24342,0,0,7.683962E-06,1,(0.0, 0.0, 0.0),(-40.0, -7.5, 14.0)
12.9,-41.95788,0,17.24342,0,0,7.683962E-06,1,(0.0, 0.0, 0.0),(-40.0, -7.5, 14.0)
12.92,-41.37918,0,16.196,0,0,7.683962E-06,1,(0.0, 0.0, 0.0),(-40.0, -7.5, 14.0)
12.94,-41.37918,0,16.196,0,0,7.683962E-06,1,(0.0, 0.0, 0.0),(-40.0, -7.5, 14.0)
12.96,-41.37918,0,16.196,0,0,7.683962E-06,1,(0.0, 0.0, 0.0),(-40.0, -7.5, 14.0)
12.98,-41.37918,0,16.196,0,0,7.683962E-06,1,(0.0, 0.0, 0.0),(-40.0, -7.5, 14.0)
13,-40.81623,0,15.17706,0,0,7.683962E-06,1,(0.0, 0.0, 0.0),(-40.0, -7.5, 14.0)
13.02,-40.26837,0,14.18543,0,0,7.683962E-06,1,(0.0, 0.0, 0.0),(-40.0, -7.5, 14.0)
13.04,-40.26837,0,14.18543,0,0,7.683962E-06,1,(0.0, 0.0, 0.0),(-40.0, -7.5, 14.0)
13.06,-40.26837,0,14.18543,0,0,7.683962E-06,1,(0.0, 0.0, 0.0),(-40.0, -7.5, 14.0)
13.08,-40.26837,0,14.18543,0,0,7.683962E-06,1,(0.0, 0.0, 0.0),(-40.0, -7.5, 14.0)
13.1,-40.26837,0,14.18543,0,0,7.683962E-06,1,(0.0, 0.0, 0.0),(-40.0, -7.5, 14.0)
13.12,-40.26837,0,14.18543,0,0,7.683962E-06,1,(0.0, 0.0, 0.0),(-40.0, -7.5, 14.0)
13.14,-40.26837,0,14.18543,0,0,7.683962E-06,1,(0.0, 0.0, 0.0),(-40.0, -7.5, 14.0)
13.16,-40.26837,0,14.18543,0,0,7.683962E-06,1,(0.0, 0.0, 0.0),(-40.0, -7.5, 14.0)
13.18,-40.26837,0,14.18543,0,0,7.683962E-06,1,(0.0, 0.0, 0.0),(-40.0, -7.5, 14.0)
13.2,-40.26837,0,14.18543,0,0,7.683962E-06,1,(0.0, 0.0, 0.0),(-40.0, -7.5, 14.0)
13.22,-40.26837,0,14.18543,0,0,7.683962E-06,1,(0.0, 0.0, 0.0),(-40.0, -7.5, 14.0)
13.24,-40.26837,0,14.18543,0,0,5.00001,1,(0.0, 0.0, 0.0),(-40.0, -7.5, 14.0)
13.26,-40.26837,0,14.18543,0,0,5.00001,1,(0.0, 0.0, 0.0),(-40.0, -7.5, 14.0)
13.28,-40.26837,0,14.18543,0,0,5.00001,1,(0.0, 0.0, 0.0),(-40.0, -7.5, 14.0)
13.3,-40.26837,0,14.18543,0,0,15.00001,1,(0.0, 0.0, 0.0),(-40.0, -7.5, 14.0)
13.32,-40.26837,0,14.18543,0,0,20.00002,1,(0.0, 0.0, 0.0),(-40.0, -7.5, 14.0)
13.34,-40.26837,0,14.18543,0,0,25.00002,1,(0.0, 0.0, 0.0),(-40.0, -7.5, 14.0)
13.36,-40.26837,0,14.18543,0,0,30.00002,1,(0.0, 0.0, 0.0),(-40.0, -7.5, 14.0)
13.38,-40.26837,0,14.18543,0,0,35.00002,1,(0.0, 0.0, 0.0),(-40.0, -7.5, 14.0)
13.4,-40.26837,0,14.18543,0,0,35.00002,1,(0.0, 0.0, 0.0),(-40.0, -7.5, 14.0)
13.42,-40.26837,0,14.18543,0,0,40.00002,1,(0.0, 0.0, 0.0),(-40.0, -7.5, 14.0)
13.44,-40.26837,0,14.18543,0,0,40.00002,1,(0.0, 0.0, 0.0),(-40.0, -7.5, 14.0)
13.46,-40.26837,0,14.18543,0,0,40.00002,1,(0.0, 0.0, 0.0),(-40.0, -7.5, 14.0)
13.48,-39.73504,0,13.22012,0,0,40.00002,1,(0.0, 0.0, 0.0),(-40.0, -7.5, 14.0)
13.5,-39.73504,0,13.22012,0,0,40.00002,1,(0.0, 0.0, 0.0),(-40.0, -7.5, 14.0)
13.52,-39.73504,0,13.22012,0,0,40.00002,1,(0.0, 0.0, 0.0),(-40.0, -7.5, 14.0)
13.54,-39.73504,0,13.22012,0,0,40.00002,1,(0.0, 0.0, 0.0),(-40.0, -7.5, 14.0)
13.56,-39.73504,0,13.22012,0,0,40.00002,1,(0.0, 0.0, 0.0),(-40.0, -7.5, 14.0)
13.58,-39.73504,0,13.22012,0,0,40.00002,1,(0.0, 0.0, 0.0),(-40.0, -7.5, 14.0)
13.6,-39.73504,0,13.22012,0,0,40.00002,1,(0.0, 0.0, 0.0),(-40.0, -7.5, 14.0)
13.62,-39.73504,0,13.22012,0,0,40.00002,1,(0.0, 0.0, 0.0),(-40.0, -7.5, 14.0)
13.64,-39.73504,0,13.22012,0,0,40.00002,1,(0.0, 0.0, 0.0),(-40.0, -7.5, 14.0)
13.66,-39.73504,0,13.22012,0,0,40.00002,1,(0.0, 0.0, 0.0),(-40.0, -7.5, 14.0)
13.68,-39.73504,0,13.22012,0,0,40.00002,1,(0.0, 0.0, 0.0),(-40.0, -7.5, 14.0)
13.7,-39.73504,0,13.22012,0,0,40.00002,1,(0.0, 0.0, 0.0),(-40.0, -7.5, 14.0)
13.72,-39.73504,0,13.22012,0,0,65.00003,1,(0.0, 0.0, 0.0),(-40.0, -7.5, 14.0)
13.74,-39.73504,0,13.22012,0,0,65.00003,1,(0.0, 0.0, 0.0),(-40.0, -7.5, 14.0)
13.76,-39.73504,0,13.22012,0,0,65.00003,1,(0.0, 0.0, 0.0),(-40.0, -7.5, 14.0)
13.78,-39.73504,0,13.22012,0,0,80.00002,1,(0.0, 0.0, 0.0),(-40.0, -7.5, 14.0)
13.8,-39.73504,0,13.22012,0,0,80.00002,1,(0.0, 0.0, 0.0),(-40.0, -7.5, 14.0)
13.82,-39.73504,0,13.22012,0,0,80.00002,1,(0.0, 0.0, 0.0),(-40.0, -7.5, 14.0)
13.84,-39.73504,0,13.22012,0,0,80.00002,1,(0.0, 0.0, 0.0),(-40.0, -7.5, 14.0)
13.86,-39.73504,0,13.22012,0,0,80.00002,1,(0.0, 0.0, 0.0),(-40.0, -7.5, 14.0)
13.88,-39.73504,0,13.22012,0,0,80.00002,1,(0.0, 0.0, 0.0),(-40.0, -7.5, 14.0)
13.9,-39.73504,0,13.22012,0,0,80.00002,1,(0.0, 0.0, 0.0),(-40.0, -7.5, 14.0)
13.92,-39.73504,0,13.22012,0,0,80.00002,1,(0.0, 0.0, 0.0),(-40.0, -7.5, 14.0)
13.94,-39.73504,0,13.22012,0,0,80.00002,1,(0.0, 0.0, 0.0),(-40.0, -7.5, 14.0)
13.96,-39.73504,0,13.22012,0,0,80.00002,1,(0.0, 0.0, 0.0),(-40.0, -7.5, 14.0)
13.98,-39.73504,0,13.22012,0,0,80.00002,1,(0.0, 0.0, 0.0),(-40.0, -7.5, 14.0)
14,-39.73504,0,13.22012,0,0,80.00002,1,(0.0, 0.0, 0.0),(-40.0, -7.5, 14.0)
14.02,-39.73504,0,13.22012,0,0,80.00002,1,(0.0, 0.0, 0.0),(-40.0, -7.5, 14.0)
14.04,-39.73504,0,13.22012,0,0,80.00002,1,(0.0, 0.0, 0.0),(-40.0, -7.5, 14.0)
14.06,-39.73504,0,13.22012,0,0,85.00003,1,(0.0, 0.0, 0.0),(-40.0, -7.5, 14.0)
14.08,-39.73504,0,13.22012,0,0,95.00005,1,(0.0, 0.0, 0.0),(-40.0, -7.5, 14.0)
14.1,-39.73504,0,13.22012,0,0,105,1,(0.0, 0.0, 0.0),(-40.0, -7.5, 14.0)
14.12,-39.73504,0,13.22012,0,0,110,1,(0.0, 0.0, 0.0),(-40.0, -7.5, 14.0)
14.14,-39.73504,0,13.22012,0,0,110,1,(0.0, 0.0, 0.0),(-40.0, -7.5, 14.0)
14.16,-39.73504,0,13.22012,0,0,115,1,(0.0, 0.0, 0.0),(-40.0, -7.5, 14.0)
14.18,-39.73504,0,13.22012,0,0,115,1,(0.0, 0.0, 0.0),(-40.0, -7.5, 14.0)
14.2,-39.73504,0,13.22012,0,0,115,1,(0.0, 0.0, 0.0),(-40.0, -7.5, 14.0)
14.22,-39.73504,0,13.22012,0,0,115,1,(0.0, 0.0, 0.0),(-40.0, -7.5, 14.0)
14.24,-39.73504,0,13.22012,0,0,115,1,(0.0, 0.0, 0.0),(-40.0, -7.5, 14.0)
14.26,-39.73504,0,13.22012,0,0,115,1,(0.0, 0.0, 0.0),(-40.0, -7.5, 14.0)
14.28,-39.73504,0,13.22012,0,0,115,1,(0.0, 0.0, 0.0),(-40.0, -7.5, 14.0)
14.3,-39.73504,0,13.22012,0,0,115,1,(0.0, 0.0, 0.0),(-40.0, -7.5, 14.0)
14.32,-39.73504,0,13.22012,0,0,115,1,(0.0, 0.0, 0.0),(-40.0, -7.5, 14.0)
14.34,-39.73504,0,13.22012,0,0,115,1,(0.0, 0.0, 0.0),(-40.0, -7.5, 14.0)
14.36,-39.73504,0,13.22012,0,0,115,1,(0.0, 0.0, 0.0),(-40.0, -7.5, 14.0)
14.38,-39.73504,0,13.22012,0,0,115,1,(0.0, 0.0, 0.0),(-40.0, -7.5, 14.0)
14.4,-39.73504,0,13.22012,0,0,120,1,(0.0, 0.0, 0.0),(-40.0, -7.5, 14.0)
14.42,-39.73504,0,13.22012,0,0,130.0001,1,(0.0, 0.0, 0.0),(-40.0, -7.5, 14.0)
14.44,-39.73504,0,13.22012,0,0,135.0001,1,(0.0, 0.0, 0.0),(-40.0, -7.5, 14.0)
14.46,-39.73504,0,13.22012,0,0,140.0001,1,(0.0, 0.0, 0.0),(-40.0, -7.5, 14.0)
14.48,-39.73504,0,13.22012,0,0,145.0001,1,(0.0, 0.0, 0.0),(-40.0, -7.5, 14.0)
14.5,-39.73504,0,13.22012,0,0,145.0001,1,(0.0, 0.0, 0.0),(-40.0, -7.5, 14.0)
14.52,-39.73504,0,13.22012,0,0,145.0001,1,(0.0, 0.0, 0.0),(-40.0, -7.5, 14.0)
14.54,-39.73504,0,13.22012,0,0,145.0001,1,(0.0, 0.0, 0.0),(-40.0, -7.5, 14.0)
14.56,-39.73504,0,13.22012,0,0,145.0001,1,(0.0, 0.0, 0.0),(-40.0, -7.5, 14.0)
14.58,-39.73504,0,13.22012,0,0,145.0001,1,(0.0, 0.0, 0.0),(-40.0, -7.5, 14.0)
14.6,-39.73504,0,13.22012,0,0,145.0001,1,(0.0, 0.0, 0.0),(-40.0, -7.5, 14.0)
14.62,-39.73504,0,13.22012,0,0,145.0001,1,(0.0, 0.0, 0.0),(-40.0, -7.5, 14.0)
14.64,-39.73504,0,13.22012,0,0,145.0001,1,(0.0, 0.0, 0.0),(-40.0, -7.5, 14.0)
14.66,-39.73504,0,13.22012,0,0,145.0001,1,(0.0, 0.0, 0.0),(-40.0, -7.5, 14.0)
14.68,-39.73504,0,13.22012,0,0,145.0001,1,(0.0, 0.0, 0.0),(-40.0, -7.5, 14.0)
14.7,-39.73504,0,13.22012,0,0,145.0001,1,(0.0, 0.0, 0.0),(-40.0, -7.5, 14.0)
14.72,-39.73504,0,13.22012,0,0,145.0001,1,(0.0, 0.0, 0.0),(-40.0, -7.5, 14.0)
14.74,-39.73504,0,13.22012,0,0,145.0001,1,(0.0, 0.0, 0.0),(-40.0, -7.5, 14.0)
14.76,-39.73504,0,13.22012,0,0,145.0001,1,(0.0, 0.0, 0.0),(-40.0, -7.5, 14.0)
14.78,-39.73504,0,13.22012,0,0,145.0001,1,(0.0, 0.0, 0.0),(-40.0, -7.5, 14.0)
14.8,-39.73504,0,13.22012,0,0,145.0001,1,(0.0, 0.0, 0.0),(-40.0, -7.5, 14.0)
14.82,-39.73504,0,13.22012,0,0,145.0001,1,(0.0, 0.0, 0.0),(-40.0, -7.5, 14.0)
14.84,-39.73504,0,13.22012,0,0,145.0001,1,(0.0, 0.0, 0.0),(-40.0, -7.5, 14.0)
14.86,-39.73504,0,13.22012,0,0,145.0001,1,(0.0, 0.0, 0.0),(-40.0, -7.5, 14.0)
14.88,-39.73504,0,13.22012,0,0,145.0001,1,(0.0, 0.0, 0.0),(-40.0, -7.5, 14.0)
14.9,-39.73504,0,13.22012,0,0,145.0001,1,(0.0, 0.0, 0.0),(-40.0, -7.5, 14.0)
14.92,-39.73504,0,13.22012,0,0,145.0001,1,(0.0, 0.0, 0.0),(-40.0, -7.5, 14.0)
14.94,-39.73504,0,13.22012,0,0,145.0001,1,(0.0, 0.0, 0.0),(-40.0, -7.5, 14.0)
14.96,-39.73504,0,13.22012,0,0,145.0001,1,(0.0, 0.0, 0.0),(-40.0, -7.5, 14.0)
14.98,-39.73504,0,13.22012,0,0,145.0001,1,(0.0, 0.0, 0.0),(-40.0, -7.5, 14.0)
15,-39.73504,0,13.22012,0,0,145.0001,1,(0.0, 0.0, 0.0),(-40.0, -7.5, 14.0)
15.02,-39.73504,0,13.22012,0,0,145.0001,1,(0.0, 0.0, 0.0),(-40.0, -7.5, 14.0)
15.04,-39.73504,0,13.22012,0,0,145.0001,1,(0.0, 0.0, 0.0),(-40.0, -7.5, 14.0)
15.06,-39.73504,0,13.22012,0,0,145.0001,1,(0.0, 0.0, 0.0),(-40.0, -7.5, 14.0)
15.08,-39.73504,0,13.22012,0,0,145.0001,1,(0.0, 0.0, 0.0),(-40.0, -7.5, 14.0)
15.1,-39.73504,0,13.22012,0,0,145.0001,1,(0.0, 0.0, 0.0),(-40.0, -7.5, 14.0)
15.12,-39.73504,0,13.22012,0,0,145.0001,1,(0.0, 0.0, 0.0),(-40.0, -7.5, 14.0)
15.14,-39.73504,0,13.22012,0,0,145.0001,1,(0.0, 0.0, 0.0),(-40.0, -7.5, 14.0)
15.16,-39.73504,0,13.22012,0,0,145.0001,1,(0.0, 0.0, 0.0),(-40.0, -7.5, 14.0)
15.18,-39.73504,0,13.22012,0,0,145.0001,1,(0.0, 0.0, 0.0),(-40.0, -7.5, 14.0)
15.2,-39.73504,0,13.22012,0,0,145.0001,1,(0.0, 0.0, 0.0),(-40.0, -7.5, 14.0)
15.22,-39.73504,0,13.22012,0,0,145.0001,2,(0.0, 0.0, 0.0),(40.0, -7.5, -7.0)
15.24,-39.73504,0,13.22012,0,0,145.0001,2,(0.0, 0.0, 0.0),(40.0, -7.5, -7.0)
15.26,-39.73504,0,13.22012,0,0,145.0001,2,(0.0, 0.0, 0.0),(40.0, -7.5, -7.0)
15.28,-39.73504,0,13.22012,0,0,145.0001,2,(0.0, 0.0, 0.0),(40.0, -7.5, -7.0)
15.3,-39.73504,0,13.22012,0,0,145.0001,2,(0.0, 0.0, 0.0),(40.0, -7.5, -7.0)
15.32,-39.73504,0,13.22012,0,0,145.0001,2,(0.0, 0.0, 0.0),(40.0, -7.5, -7.0)
15.34,-39.73504,0,13.22012,0,0,145.0001,2,(0.0, 0.0, 0.0),(40.0, -7.5, -7.0)
15.36,-39.73504,0,13.22012,0,0,145.0001,2,(0.0, 0.0, 0.0),(40.0, -7.5, -7.0)
15.38,-39.73504,0,13.22012,0,0,145.0001,2,(0.0, 0.0, 0.0),(40.0, -7.5, -7.0)
15.4,-39.73504,0,13.22012,0,0,145.0001,2,(0.0, 0.0, 0.0),(40.0, -7.5, -7.0)
15.42,-39.73504,0,13.22012,0,0,145.0001,2,(0.0, 0.0, 0.0),(40.0, -7.5, -7.0)
15.44,-39.73504,0,13.22012,0,0,145.0001,2,(0.0, 0.0, 0.0),(40.0, -7.5, -7.0)
15.46,-39.73504,0,13.22012,0,0,145.0001,2,(0.0, 0.0, 0.0),(40.0, -7.5, -7.0)
15.48,-39.73504,0,13.22012,0,0,145.0001,2,(0.0, 0.0, 0.0),(40.0, -7.5, -7.0)
15.5,-39.73504,0,13.22012,0,0,140.0001,2,(0.0, 0.0, 0.0),(40.0, -7.5, -7.0)
15.52,-39.73504,0,13.22012,0,0,140.0001,2,(0.0, 0.0, 0.0),(40.0, -7.5, -7.0)
15.54,-39.73504,0,13.22012,0,0,125.0001,2,(0.0, 0.0, 0.0),(40.0, -7.5, -7.0)
15.56,-39.73504,0,13.22012,0,0,125.0001,2,(0.0, 0.0, 0.0),(40.0, -7.5, -7.0)
15.58,-39.73504,0,13.22012,0,0,110.0001,2,(0.0, 0.0, 0.0),(40.0, -7.5, -7.0)
15.6,-39.73504,0,13.22012,0,0,105.0001,2,(0.0, 0.0, 0.0),(40.0, -7.5, -7.0)
15.62,-39.73504,0,13.22012,0,0,105.0001,2,(0.0, 0.0, 0.0),(40.0, -7.5, -7.0)
15.64,-39.73504,0,13.22012,0,0,105.0001,2,(0.0, 0.0, 0.0),(40.0, -7.5, -7.0)
15.66,-39.73504,0,13.22012,0,0,105.0001,2,(0.0, 0.0, 0.0),(40.0, -7.5, -7.0)
15.68,-39.73504,0,13.22012,0,0,105.0001,2,(0.0, 0.0, 0.0),(40.0, -7.5, -7.0)
15.7,-39.73504,0,13.22012,0,0,105.0001,2,(0.0, 0.0, 0.0),(40.0, -7.5, -7.0)
15.72,-39.73504,0,13.22012,0,0,105.0001,2,(0.0, 0.0, 0.0),(40.0, -7.5, -7.0)
15.74,-39.73504,0,13.22012,0,0,105.0001,2,(0.0, 0.0, 0.0),(40.0, -7.5, -7.0)
15.76,-39.73504,0,13.22012,0,0,105.0001,2,(0.0, 0.0, 0.0),(40.0, -7.5, -7.0)
15.78,-39.73504,0,13.22012,0,0,105.0001,2,(0.0, 0.0, 0.0),(40.0, -7.5, -7.0)
15.8,-39.73504,0,13.22012,0,0,105.0001,2,(0.0, 0.0, 0.0),(40.0, -7.5, -7.0)
15.82,-39.73504,0,13.22012,0,0,105.0001,2,(0.0, 0.0, 0.0),(40.0, -7.5, -7.0)
15.84,-39.73504,0,13.22012,0,0,105.0001,2,(0.0, 0.0, 0.0),(40.0, -7.5, -7.0)
15.86,-39.73504,0,13.22012,0,0,100,2,(0.0, 0.0, 0.0),(40.0, -7.5, -7.0)
15.88,-39.73504,0,13.22012,0,0,95.00005,2,(0.0, 0.0, 0.0),(40.0, -7.5, -7.0)
15.9,-39.73504,0,13.22012,0,0,85.00005,2,(0.0, 0.0, 0.0),(40.0, -7.5, -7.0)
15.92,-39.73504,0,13.22012,0,0,85.00005,2,(0.0, 0.0, 0.0),(40.0, -7.5, -7.0)
15.94,-39.73504,0,13.22012,0,0,70.00004,2,(0.0, 0.0, 0.0),(40.0, -7.5, -7.0)
15.96,-39.73504,0,13.22012,0,0,65.00005,2,(0.0, 0.0, 0.0),(40.0, -7.5, -7.0)
15.98,-39.73504,0,13.22012,0,0,65.00005,2,(0.0, 0.0, 0.0),(40.0, -7.5, -7.0)
16,-39.73504,0,13.22012,0,0,65.00005,2,(0.0, 0.0, 0.0),(40.0, -7.5, -7.0)
16.02,-39.73504,0,13.22012,0,0,65.00005,2,(0.0, 0.0, 0.0),(40.0, -7.5, -7.0)
16.04,-39.73504,0,13.22012,0,0,65.00005,2,(0.0, 0.0, 0.0),(40.0, -7.5, -7.0)
16.06,-39.73504,0,13.22012,0,0,65.00005,2,(0.0, 0.0, 0.0),(40.0, -7.5, -7.0)
16.08,-39.73504,0,13.22012,0,0,65.00005,2,(0.0, 0.0, 0.0),(40.0, -7.5, -7.0)
16.1,-39.73504,0,13.22012,0,0,65.00005,2,(0.0, 0.0, 0.0),(40.0, -7.5, -7.0)
16.12,-39.73504,0,13.22012,0,0,65.00005,2,(0.0, 0.0, 0.0),(40.0, -7.5, -7.0)
16.14,-39.73504,0,13.22012,0,0,65.00005,2,(0.0, 0.0, 0.0),(40.0, -7.5, -7.0)
16.16,-39.73504,0,13.22012,0,0,65.00005,2,(0.0, 0.0, 0.0),(40.0, -7.5, -7.0)
16.18,-39.73504,0,13.22012,0,0,60.00005,2,(0.0, 0.0, 0.0),(40.0, -7.5, -7.0)
16.2,-39.73504,0,13.22012,0,0,55.00005,2,(0.0, 0.0, 0.0),(40.0, -7.5, -7.0)
16.22,-39.73504,0,13.22012,0,0,45.00004,2,(0.0, 0.0, 0.0),(40.0, -7.5, -7.0)
16.24,-39.73504,0,13.22012,0,0,35.00004,2,(0.0, 0.0, 0.0),(40.0, -7.5, -7.0)
16.26,-39.73504,0,13.22012,0,0,25.00003,2,(0.0, 0.0, 0.0),(40.0, -7.5, -7.0)
16.28,-39.73504,0,13.22012,0,0,25.00003,2,(0.0, 0.0, 0.0),(40.0, -7.5, -7.0)
16.3,-39.73504,0,13.22012,0,0,25.00003,2,(0.0, 0.0, 0.0),(40.0, -7.5, -7.0)
16.32,-39.73504,0,13.22012,0,0,25.00003,2,(0.0, 0.0, 0.0),(40.0, -7.5, -7.0)
16.34,-39.73504,0,13.22012,0,0,25.00003,2,(0.0, 0.0, 0.0),(40.0, -7.5, -7.0)
16.36,-39.73504,0,13.22012,0,0,25.00003,2,(0.0, 0.0, 0.0),(40.0, -7.5, -7.0)
16.38,-39.73504,0,13.22012,0,0,25.00003,2,(0.0, 0.0, 0.0),(40.0, -7.5, -7.0)
16.4,-39.73504,0,13.22012,0,0,25.00003,2,(0.0, 0.0, 0.0),(40.0, -7.5, -7.0)
16.42,-39.73504,0,13.22012,0,0,25.00003,2,(0.0, 0.0, 0.0),(40.0, -7.5, -7.0)
16.44,-39.73504,0,13.22012,0,0,25.00003,2,(0.0, 0.0, 0.0),(40.0, -7.5, -7.0)
16.46,-39.73504,0,13.22012,0,0,25.00003,2,(0.0, 0.0, 0.0),(40.0, -7.5, -7.0)
16.48,-39.73504,0,13.22012,0,0,25.00003,2,(0.0, 0.0, 0.0),(40.0, -7.5, -7.0)
16.5,-39.73504,0,13.22012,0,0,25.00003,2,(0.0, 0.0, 0.0),(40.0, -7.5, -7.0)
16.52,-39.73504,0,13.22012,0,0,20.00003,2,(0.0, 0.0, 0.0),(40.0, -7.5, -7.0)
16.54,-39.73504,0,13.22012,0,0,15.00003,2,(0.0, 0.0, 0.0),(40.0, -7.5, -7.0)
16.56,-39.73504,0,13.22012,0,0,5.000024,2,(0.0, 0.0, 0.0),(40.0, -7.5, -7.0)
16.58,-39.73504,0,13.22012,0,0,2.219811E-05,2,(0.0, 0.0, 0.0),(40.0, -7.5, -7.0)
16.6,-39.73504,0,13.22012,0,0,355,2,(0.0, 0.0, 0.0),(40.0, -7.5, -7.0)
16.62,-39.73504,0,13.22012,0,0,355,2,(0.0, 0.0, 0.0),(40.0, -7.5, -7.0)
16.64,-39.73504,0,13.22012,0,0,355,2,(0.0, 0.0, 0.0),(40.0, -7.5, -7.0)
16.66,-39.73504,0,13.22012,0,0,355,2,(0.0, 0.0, 0.0),(40.0, -7.5, -7.0)
16.68,-39.73504,0,13.22012,0,0,355,2,(0.0, 0.0, 0.0),(40.0, -7.5, -7.0)
16.7,-39.73504,0,13.22012,0,0,355,2,(0.0, 0.0, 0.0),(40.0, -7.5, -7.0)
16.72,-39.73504,0,13.22012,0,0,355,2,(0.0, 0.0, 0.0),(40.0, -7.5, -7.0)
16.74,-39.73504,0,13.22012,0,0,355,2,(0.0, 0.0, 0.0),(40.0, -7.5, -7.0)
16.76,-39.73504,0,13.22012,0,0,355,2,(0.0, 0.0, 0.0),(40.0, -7.5, -7.0)
16.78,-39.73504,0,13.22012,0,0,355,2,(0.0, 0.0, 0.0),(40.0, -7.5, -7.0)
16.8,-39.73504,0,13.22012,0,0,355,2,(0.0, 0.0, 0.0),(40.0, -7.5, -7.0)
16.82,-39.73504,0,13.22012,0,0,355,2,(0.0, 0.0, 0.0),(40.0, -7.5, -7.0)
16.84,-39.73504,0,13.22012,0,0,355,2,(0.0, 0.0, 0.0),(40.0, -7.5, -7.0)
16.86,-39.73504,0,13.22012,0,0,355,2,(0.0, 0.0, 0.0),(40.0, -7.5, -7.0)
16.88,-39.73504,0,13.22012,0,0,355,2,(0.0, 0.0, 0.0),(40.0, -7.5, -7.0)
16.9,-39.73504,0,13.22012,0,0,355,2,(0.0, 0.0, 0.0),(40.0, -7.5, -7.0)
16.92,-39.73504,0,13.22012,0,0,355,2,(0.0, 0.0, 0.0),(40.0, -7.5, -7.0)
16.94,-39.73504,0,13.22012,0,0,355,2,(0.0, 0.0, 0.0),(40.0, -7.5, -7.0)
16.96,-39.73504,0,13.22012,0,0,355,2,(0.0, 0.0, 0.0),(40.0, -7.5, -7.0)
16.98,-39.73504,0,13.22012,0,0,355,2,(0.0, 0.0, 0.0),(40.0, -7.5, -7.0)
17,-39.73504,0,13.22012,0,0,2.177123E-05,2,(0.0, 0.0, 0.0),(40.0, -7.5, -7.0)
17.02,-39.73504,0,13.22012,0,0,2.177123E-05,2,(0.0, 0.0, 0.0),(40.0, -7.5, -7.0)
17.04,-39.73504,0,13.22012,0,0,2.177123E-05,2,(0.0, 0.0, 0.0),(40.0, -7.5, -7.0)
17.06,-39.73504,0,13.22012,0,0,2.177123E-05,2,(0.0, 0.0, 0.0),(40.0, -7.5, -7.0)
17.08,-39.73504,0,13.22012,0,0,2.177123E-05,2,(0.0, 0.0, 0.0),(40.0, -7.5, -7.0)
17.1,-39.73504,0,13.22012,0,0,2.177123E-05,2,(0.0, 0.0, 0.0),(40.0, -7.5, -7.0)
17.12,-39.73504,0,13.22012,0,0,2.177123E-05,2,(0.0, 0.0, 0.0),(40.0, -7.5, -7.0)
17.14,-39.73504,0,13.22012,0,0,2.177123E-05,2,(0.0, 0.0, 0.0),(40.0, -7.5, -7.0)
17.16,-39.73504,0,13.22012,0,0,2.177123E-05,2,(0.0, 0.0, 0.0),(40.0, -7.5, -7.0)
17.18,-39.73504,0,13.22012,0,0,2.177123E-05,2,(0.0, 0.0, 0.0),(40.0, -7.5, -7.0)
17.2,-39.73504,0,13.22012,0,0,5.000023,2,(0.0, 0.0, 0.0),(40.0, -7.5, -7.0)
17.22,-39.73504,0,13.22012,0,0,5.000023,2,(0.0, 0.0, 0.0),(40.0, -7.5, -7.0)
17.24,-39.73504,0,13.22012,0,0,5.000023,2,(0.0, 0.0, 0.0),(40.0, -7.5, -7.0)
17.26,-39.73504,0,13.22012,0,0,5.000023,2,(0.0, 0.0, 0.0),(40.0, -7.5, -7.0)
17.28,-39.73504,0,13.22012,0,0,5.000023,2,(0.0, 0.0, 0.0),(40.0, -7.5, -7.0)
17.3,-39.73504,0,13.22012,0,0,5.000023,2,(0.0, 0.0, 0.0),(40.0, -7.5, -7.0)
17.32,-39.73504,0,13.22012,0,0,5.000023,2,(0.0, 0.0, 0.0),(40.0, -7.5, -7.0)
17.34,-39.73504,0,13.22012,0,0,5.000023,2,(0.0, 0.0, 0.0),(40.0, -7.5, -7.0)
17.36,-39.73504,0,13.22012,0,0,5.000023,2,(0.0, 0.0, 0.0),(40.0, -7.5, -7.0)
17.38,-39.73504,0,13.22012,0,0,5.000023,2,(0.0, 0.0, 0.0),(40.0, -7.5, -7.0)
17.4,-39.73504,0,13.22012,0,0,5.000023,2,(0.0, 0.0, 0.0),(40.0, -7.5, -7.0)
17.42,-39.73504,0,13.22012,0,0,5.000023,2,(0.0, 0.0, 0.0),(40.0, -7.5, -7.0)
17.44,-39.73504,0,13.22012,0,0,5.000023,2,(0.0, 0.0, 0.0),(40.0, -7.5, -7.0)
17.46,-39.73504,0,13.22012,0,0,5.000023,2,(0.0, 0.0, 0.0),(40.0, -7.5, -7.0)
